algorithm,input_type,n,trial,input_seed,pivot_seed,k,elapsed_ns,max_recursion_depth,recursive_calls,comparisons,swaps,array_writes,distance_evaluations,buffer_elements,checksum
BruteForce,REVERSE_SORTED,1000,1,1000003731,25324568318,-1,9097782,0,0,499500,0,0,499500,0,2308.2118324362160
BruteForce,REVERSE_SORTED,1000,2,1000003832,25324568213,-1,6676241,0,0,499500,0,0,499500,0,2060.6038470838207
BruteForce,REVERSE_SORTED,1000,3,1000003933,25324568368,-1,7215923,0,0,499500,0,0,499500,0,280.17358654504310
BruteForce,REVERSE_SORTED,1000,4,1000004034,25324568495,-1,6307427,0,0,499500,0,0,499500,0,460.23906168743366
BruteForce,REVERSE_SORTED,1000,5,1000004135,25324567626,-1,6762416,0,0,499500,0,0,499500,0,972.64866856184840
BruteForce,REVERSE_SORTED,1000,6,1000004236,25324567777,-1,6329640,0,0,499500,0,0,499500,0,1823.1037370316812
BruteForce,REVERSE_SORTED,1000,7,1000004337,25324567708,-1,6477823,0,0,499500,0,0,499500,0,1395.0340102696002
MergeSort,REVERSE_SORTED,100,1,100001031,25150686058,-1,2420,4,15,728,0,1268,0,100,134760369.00000000
MergeSort,REVERSE_SORTED,100,2,100001132,25150685953,-1,3919,4,15,728,0,1268,0,100,-50589139.000000000
MergeSort,REVERSE_SORTED,100,3,100001233,25150686140,-1,3876,4,15,728,0,1268,0,100,-198360633.00000000
MergeSort,REVERSE_SORTED,100,4,100001334,25150685275,-1,3507,4,15,728,0,1268,0,100,210596166.00000000
MergeSort,REVERSE_SORTED,100,5,100001435,25150685430,-1,3701,4,15,728,0,1268,0,100,268298632.00000000
MergeSort,REVERSE_SORTED,100,6,100001536,25150685549,-1,4537,4,15,728,0,1268,0,100,201926781.00000000
MergeSort,REVERSE_SORTED,100,7,100001637,25150685448,-1,3453,4,15,728,0,1268,0,100,21952317.000000000
BruteForce,DUPLICATE_HEAVY,2000,1,2000006731,24324425766,-1,42886032,0,0,1999000,0,0,1999000,0,0.0000000000000000
BruteForce,DUPLICATE_HEAVY,2000,2,2000006832,24324425949,-1,41173341,0,0,1999000,0,0,1999000,0,0.0000000000000000
BruteForce,DUPLICATE_HEAVY,2000,3,2000006933,24324426104,-1,36557397,0,0,1999000,0,0,1999000,0,0.0000000000000000
BruteForce,DUPLICATE_HEAVY,2000,4,2000007034,24324426007,-1,36922348,0,0,1999000,0,0,1999000,0,0.0000000000000000
BruteForce,DUPLICATE_HEAVY,2000,5,2000007135,24324426162,-1,37051880,0,0,1999000,0,0,1999000,0,0.0000000000000000
BruteForce,DUPLICATE_HEAVY,2000,6,2000007236,24324429353,-1,38195702,0,0,1999000,0,0,1999000,0,0.0000000000000000
BruteForce,DUPLICATE_HEAVY,2000,7,2000007337,24324429508,-1,36525186,0,0,1999000,0,0,1999000,0,0.0000000000000000
MergeSort,RANDOM,10000,1,10000030731,32394754662,-1,811242,10,1023,143381,0,235717,0,10000,7450120.0000000000
MergeSort,RANDOM,10000,2,10000030832,32394754589,-1,948870,10,1023,143154,0,235382,0,10000,-22821751.000000000
MergeSort,RANDOM,10000,3,10000030933,32394754744,-1,799931,10,1023,143047,0,235403,0,10000,16537019.000000000
MergeSort,RANDOM,10000,4,10000031034,32394754903,-1,939274,10,1023,143362,0,235680,0,10000,-5315447.0000000000
MergeSort,RANDOM,10000,5,10000031135,32394755058,-1,834954,10,1023,143002,0,235235,0,10000,-38833979.000000000
MergeSort,RANDOM,10000,6,10000031236,32394754153,-1,797040,10,1023,143928,0,236261,0,10000,7991313.0000000000
MergeSort,RANDOM,10000,7,10000031337,32394754052,-1,874934,10,1023,143244,0,235555,0,10000,9549936.0000000000
ClosestPair,RANDOM,100000,1,100000300731,79835928790,-1,58151195,17,68927,5205895,0,3705972,142650,300000,27.302321035313030
ClosestPair,RANDOM,100000,2,100000300832,79835928909,-1,59572841,17,68927,5203562,0,3703763,142545,300000,22.224785716982087
ClosestPair,RANDOM,100000,3,100000300933,79835929064,-1,55012787,17,68927,5205225,0,3704459,142679,300000,17.028778249745738
ClosestPair,RANDOM,100000,4,100000301034,79835928967,-1,56205960,17,68927,5203074,0,3703250,142613,300000,22.529021971880827
ClosestPair,RANDOM,100000,5,100000301135,79835915810,-1,57765306,17,68927,5204699,0,3704798,142578,300000,21.053373068451332
ClosestPair,RANDOM,100000,6,100000301236,79835915993,-1,55711099,17,68927,5205870,0,3705294,142699,300000,16.302703123799550
ClosestPair,RANDOM,100000,7,100000301337,79835916148,-1,60212371,17,68927,5206968,0,3707187,142542,300000,8.8674963043341460
MergeSort,SORTED,10000,1,10000030731,32394754662,-1,221836,10,1023,54336,0,189488,0,10000,7450120.0000000000
MergeSort,SORTED,10000,2,10000030832,32394754589,-1,225126,10,1023,54336,0,189488,0,10000,-22821751.000000000
MergeSort,SORTED,10000,3,10000030933,32394754744,-1,222443,10,1023,54336,0,189488,0,10000,16537019.000000000
MergeSort,SORTED,10000,4,10000031034,32394754903,-1,213935,10,1023,54336,0,189488,0,10000,-5315447.0000000000
MergeSort,SORTED,10000,5,10000031135,32394755058,-1,247768,10,1023,54336,0,189488,0,10000,-38833979.000000000
MergeSort,SORTED,10000,6,10000031236,32394754153,-1,224374,10,1023,54336,0,189488,0,10000,7991313.0000000000
MergeSort,SORTED,10000,7,10000031337,32394754052,-1,222666,10,1023,54336,0,189488,0,10000,9549936.0000000000
ClosestPair,DUPLICATE_HEAVY,1000,1,1000003731,25324568318,-1,492032,10,975,24838,0,19373,536,3000,0.0000000000000000
ClosestPair,DUPLICATE_HEAVY,1000,2,1000003832,25324568213,-1,471902,10,975,24568,0,19369,536,3000,0.0000000000000000
ClosestPair,DUPLICATE_HEAVY,1000,3,1000003933,25324568368,-1,281616,10,975,24638,0,19372,536,3000,0.0000000000000000
ClosestPair,DUPLICATE_HEAVY,1000,4,1000004034,25324568495,-1,270299,10,975,24579,0,19372,536,3000,0.0000000000000000
ClosestPair,DUPLICATE_HEAVY,1000,5,1000004135,25324567626,-1,251590,10,975,25005,0,19373,536,3000,0.0000000000000000
ClosestPair,DUPLICATE_HEAVY,1000,6,1000004236,25324567777,-1,272979,10,975,24709,0,19370,536,3000,0.0000000000000000
ClosestPair,DUPLICATE_HEAVY,1000,7,1000004337,25324567708,-1,256472,10,975,24676,0,19374,536,3000,0.0000000000000000
Select,REVERSE_SORTED,1000,1,1000003731,25324568318,500,28024,9,72,7643,3136,12387,0,0,-28468453.000000000
Select,REVERSE_SORTED,1000,2,1000003832,25324568213,500,24694,9,72,7643,3136,12387,0,0,-35999009.000000000
Select,REVERSE_SORTED,1000,3,1000003933,25324568368,500,25532,9,72,7643,3136,12387,0,0,-64548231.000000000
Select,REVERSE_SORTED,1000,4,1000004034,25324568495,500,23624,9,72,7643,3136,12387,0,0,-109046044.00000000
Select,REVERSE_SORTED,1000,5,1000004135,25324567626,500,23453,9,72,7643,3136,12387,0,0,-32508831.000000000
Select,REVERSE_SORTED,1000,6,1000004236,25324567777,500,48226,9,72,7643,3136,12387,0,0,-94340359.000000000
Select,REVERSE_SORTED,1000,7,1000004337,25324567708,500,22790,9,72,7643,3136,12387,0,0,85328013.000000000
QuickSort,REVERSE_SORTED,300000,1,300000900731,275005739030,-1,30465650,11,59964,7019609,3816157,7632314,0,0,10433320.000000000
QuickSort,REVERSE_SORTED,300000,2,300000900832,275005739149,-1,29613743,12,60018,7017096,3759355,7518710,0,0,-637654.00000000000
QuickSort,REVERSE_SORTED,300000,3,300000900933,275005739304,-1,29798879,12,59949,6907976,3567835,7135670,0,0,-2930454.0000000000
QuickSort,REVERSE_SORTED,300000,4,300000901034,275005739463,-1,31408203,12,60121,7249465,4025308,8050616,0,0,-4261617.0000000000
QuickSort,REVERSE_SORTED,300000,5,300000901135,275005742690,-1,32371007,12,60085,7340267,4039097,8078194,0,0,2910458.0000000000
QuickSort,REVERSE_SORTED,300000,6,300000901236,275005742617,-1,30966311,11,60061,7187237,3651613,7303226,0,0,3376360.0000000000
QuickSort,REVERSE_SORTED,300000,7,300000901337,275005742772,-1,31780722,12,59924,6780620,3464202,6928404,0,0,-903007.00000000000
Select,RANDOM,10000,1,10000030731,32394754662,5000,573711,13,360,79918,34521,125858,0,0,7450120.0000000000
Select,RANDOM,10000,2,10000030832,32394754589,5000,483158,12,362,82622,34871,128914,0,0,-22821751.000000000
Select,RANDOM,10000,3,10000030933,32394754744,5000,526009,12,324,81853,34635,128085,0,0,16537019.000000000
Select,RANDOM,10000,4,10000031034,32394754903,5000,219664,11,116,41099,17580,64375,0,0,-5315447.0000000000
Select,RANDOM,10000,5,10000031135,32394755058,5000,471699,12,348,82752,35280,129835,0,0,-38833979.000000000
Select,RANDOM,10000,6,10000031236,32394754153,5000,520180,12,326,81186,34457,127075,0,0,7991313.0000000000
Select,RANDOM,10000,7,10000031337,32394754052,5000,443209,12,292,79809,33826,125524,0,0,9549936.0000000000
ClosestPair,REVERSE_SORTED,300000,1,300000900731,275005739030,-1,149968165,18,262143,12584374,0,12467933,383379,900000,8.0849827967192060
ClosestPair,REVERSE_SORTED,300000,2,300000900832,275005739149,-1,228618744,18,262143,12575513,0,12458568,382989,900000,1.5850814198381190
ClosestPair,REVERSE_SORTED,300000,3,300000900933,275005739304,-1,137292092,18,262143,12575131,0,12458098,383318,900000,4.5293350040364455
ClosestPair,REVERSE_SORTED,300000,4,300000901034,275005739463,-1,128669554,18,262143,12575739,0,12459639,383096,900000,3.3626457854803980
ClosestPair,REVERSE_SORTED,300000,5,300000901135,275005742690,-1,139662602,18,262143,12581662,0,12464877,382928,900000,6.9735998407038810
ClosestPair,REVERSE_SORTED,300000,6,300000901236,275005742617,-1,164848135,18,262143,12586698,0,12468745,383634,900000,5.7648599549935640
ClosestPair,REVERSE_SORTED,300000,7,300000901337,275005742772,-1,135704063,18,262143,12580989,0,12463798,383268,900000,0.81833734239244230
ClosestPair,SORTED,1000,1,1000003731,25324568318,-1,166061,10,975,23157,0,22971,1166,3000,2308.2118324362160
ClosestPair,SORTED,1000,2,1000003832,25324568213,-1,301262,10,975,23056,0,22906,1140,3000,2060.6038470838207
ClosestPair,SORTED,1000,3,1000003933,25324568368,-1,174002,10,975,22964,0,22827,1135,3000,280.17358654504310
ClosestPair,SORTED,1000,4,1000004034,25324568495,-1,169345,10,975,22944,0,22832,1130,3000,460.23906168743366
ClosestPair,SORTED,1000,5,1000004135,25324567626,-1,245258,10,975,23181,0,22992,1155,3000,972.64866856184840
ClosestPair,SORTED,1000,6,1000004236,25324567777,-1,168209,10,975,22904,0,22746,1132,3000,1823.1037370316812
ClosestPair,SORTED,1000,7,1000004337,25324567708,-1,170164,10,975,22995,0,22808,1157,3000,1395.0340102696002
BruteForce,RANDOM,2000,1,2000006731,24324425766,-1,34971963,0,0,1999000,0,0,1999000,0,773.42217580572760
BruteForce,RANDOM,2000,2,2000006832,24324425949,-1,36649398,0,0,1999000,0,0,1999000,0,863.23559764500900
BruteForce,RANDOM,2000,3,2000006933,24324426104,-1,38206695,0,0,1999000,0,0,1999000,0,481.25174189783380
BruteForce,RANDOM,2000,4,2000007034,24324426007,-1,35433303,0,0,1999000,0,0,1999000,0,1650.8770293166258
BruteForce,RANDOM,2000,5,2000007135,24324426162,-1,35419872,0,0,1999000,0,0,1999000,0,1031.5260569094946
BruteForce,RANDOM,2000,6,2000007236,24324429353,-1,39510565,0,0,1999000,0,0,1999000,0,560.99534421965010
BruteForce,RANDOM,2000,7,2000007337,24324429508,-1,35550093,0,0,1999000,0,0,1999000,0,848.42821160117360
ClosestPair,SORTED,2000,1,2000006731,24324425766,-1,381577,11,1951,50668,0,50317,2299,6000,773.42217580572760
ClosestPair,SORTED,2000,2,2000006832,24324425949,-1,358238,11,1951,50526,0,50238,2285,6000,863.23559764500900
ClosestPair,SORTED,2000,3,2000006933,24324426104,-1,359811,11,1951,50567,0,50156,2325,6000,481.25174189783380
ClosestPair,SORTED,2000,4,2000007034,24324426007,-1,392405,11,1951,50773,0,50402,2302,6000,1650.8770293166258
ClosestPair,SORTED,2000,5,2000007135,24324426162,-1,364047,11,1951,50412,0,50097,2273,6000,1031.5260569094946
ClosestPair,SORTED,2000,6,2000007236,24324429353,-1,389230,11,1951,50562,0,50197,2292,6000,560.99534421965010
ClosestPair,SORTED,2000,7,2000007337,24324429508,-1,371535,11,1951,50521,0,50232,2274,6000,848.42821160117360
QuickSort,RANDOM,300000,1,300000900731,275005739030,-1,48554975,12,60039,6982174,4983069,9966138,0,0,10433320.000000000
QuickSort,RANDOM,300000,2,300000900832,275005739149,-1,50397146,12,59899,7136711,5162396,10324792,0,0,-637654.00000000000
QuickSort,RANDOM,300000,3,300000900933,275005739304,-1,47860540,12,59842,6957670,4739438,9478876,0,0,-2930454.0000000000
QuickSort,RANDOM,300000,4,300000901034,275005739463,-1,50949951,12,59798,7004660,5076691,10153382,0,0,-4261617.0000000000
QuickSort,RANDOM,300000,5,300000901135,275005742690,-1,49707211,12,60013,6828911,4765954,9531908,0,0,2910458.0000000000
QuickSort,RANDOM,300000,6,300000901236,275005742617,-1,48849770,12,59867,7044222,5091976,10183952,0,0,3376360.0000000000
QuickSort,RANDOM,300000,7,300000901337,275005742772,-1,51251799,12,60069,7064994,4976436,9952872,0,0,-903007.00000000000
ClosestPair,REVERSE_SORTED,10000,1,10000030731,32394754662,-1,2145505,13,8191,302639,0,298727,12830,30000,124.91536325627176
ClosestPair,REVERSE_SORTED,10000,2,10000030832,32394754589,-1,2389838,13,8191,303576,0,299332,12992,30000,129.41221646850500
ClosestPair,REVERSE_SORTED,10000,3,10000030933,32394754744,-1,3218998,13,8191,303644,0,299374,13027,30000,256.59934656805444
ClosestPair,REVERSE_SORTED,10000,4,10000031034,32394754903,-1,2201352,13,8191,302594,0,298359,12969,30000,120.63715366962283
ClosestPair,REVERSE_SORTED,10000,5,10000031135,32394755058,-1,2225262,13,8191,303604,0,299536,12930,30000,105.54543343817035
ClosestPair,REVERSE_SORTED,10000,6,10000031236,32394754153,-1,2123391,13,8191,303079,0,298929,12990,30000,98.384664742960000
ClosestPair,REVERSE_SORTED,10000,7,10000031337,32394754052,-1,2448168,13,8191,304007,0,299785,12992,30000,175.48318906580428
ClosestPair,SORTED,100,1,100001031,25150686058,-1,14176,7,71,1462,0,1416,126,300,4083.4631278960280
ClosestPair,SORTED,100,2,100001132,25150685953,-1,15634,7,71,1472,0,1428,132,300,24878.844534466170
ClosestPair,SORTED,100,3,100001233,25150686140,-1,47239,7,71,1442,0,1400,131,300,15013.194785003370
ClosestPair,SORTED,100,4,100001334,25150685275,-1,16403,7,71,1459,0,1430,129,300,33733.676929458066
ClosestPair,SORTED,100,5,100001435,25150685430,-1,14835,7,71,1406,0,1391,123,300,10997.672552437525
ClosestPair,SORTED,100,6,100001536,25150685549,-1,15248,7,71,1477,0,1437,132,300,9294.9068326972100
ClosestPair,SORTED,100,7,100001637,25150685448,-1,14700,7,71,1464,0,1423,129,300,20462.722783547113
ClosestPair,DUPLICATE_HEAVY,100000,1,100000300731,79835928790,-1,32090380,17,68927,3549233,0,3179110,96608,300000,0.0000000000000000
ClosestPair,DUPLICATE_HEAVY,100000,2,100000300832,79835928909,-1,32652459,17,68927,3605309,0,3179116,96608,300000,0.0000000000000000
ClosestPair,DUPLICATE_HEAVY,100000,3,100000300933,79835929064,-1,33158444,17,68927,3586278,0,3179108,96608,300000,0.0000000000000000
ClosestPair,DUPLICATE_HEAVY,100000,4,100000301034,79835928967,-1,33634868,17,68927,3587545,0,3179116,96608,300000,0.0000000000000000
ClosestPair,DUPLICATE_HEAVY,100000,5,100000301135,79835915810,-1,32991902,17,68927,3575575,0,3179112,96608,300000,0.0000000000000000
ClosestPair,DUPLICATE_HEAVY,100000,6,100000301236,79835915993,-1,33027356,17,68927,3550944,0,3179111,96608,300000,0.0000000000000000
ClosestPair,DUPLICATE_HEAVY,100000,7,100000301337,79835916148,-1,32822651,17,68927,3603342,0,3179114,96608,300000,0.0000000000000000
ClosestPair,SORTED,10000,1,10000030731,32394754662,-1,2545214,13,8191,302639,0,298727,12830,30000,124.91536325627176
ClosestPair,SORTED,10000,2,10000030832,32394754589,-1,2489482,13,8191,303576,0,299332,12992,30000,129.41221646850500
ClosestPair,SORTED,10000,3,10000030933,32394754744,-1,2591772,13,8191,303644,0,299374,13027,30000,256.59934656805444
ClosestPair,SORTED,10000,4,10000031034,32394754903,-1,2353223,13,8191,302594,0,298359,12969,30000,120.63715366962283
ClosestPair,SORTED,10000,5,10000031135,32394755058,-1,2305060,13,8191,303604,0,299536,12930,30000,105.54543343817035
ClosestPair,SORTED,10000,6,10000031236,32394754153,-1,2518248,13,8191,303079,0,298929,12990,30000,98.384664742960000
ClosestPair,SORTED,10000,7,10000031337,32394754052,-1,3555069,13,8191,304007,0,299785,12992,30000,175.48318906580428
ClosestPair,DUPLICATE_HEAVY,10000,1,10000030731,32394754662,-1,2838012,13,8191,308290,0,255912,7712,30000,0.0000000000000000
ClosestPair,DUPLICATE_HEAVY,10000,2,10000030832,32394754589,-1,2911757,13,8191,307785,0,255913,7712,30000,0.0000000000000000
ClosestPair,DUPLICATE_HEAVY,10000,3,10000030933,32394754744,-1,2803357,13,8191,309780,0,255911,7712,30000,0.0000000000000000
ClosestPair,DUPLICATE_HEAVY,10000,4,10000031034,32394754903,-1,2719175,13,8191,305609,0,255911,7712,30000,0.0000000000000000
ClosestPair,DUPLICATE_HEAVY,10000,5,10000031135,32394755058,-1,2797606,13,8191,309004,0,255911,7712,30000,0.0000000000000000
ClosestPair,DUPLICATE_HEAVY,10000,6,10000031236,32394754153,-1,2754913,13,8191,306077,0,255909,7712,30000,0.0000000000000000
ClosestPair,DUPLICATE_HEAVY,10000,7,10000031337,32394754052,-1,2725387,13,8191,309019,0,255914,7712,30000,0.0000000000000000
ClosestPair,REVERSE_SORTED,2000,1,2000006731,24324425766,-1,375355,11,1951,50668,0,50317,2299,6000,773.42217580572760
ClosestPair,REVERSE_SORTED,2000,2,2000006832,24324425949,-1,665956,11,1951,50526,0,50238,2285,6000,863.23559764500900
ClosestPair,REVERSE_SORTED,2000,3,2000006933,24324426104,-1,391110,11,1951,50567,0,50156,2325,6000,481.25174189783380
ClosestPair,REVERSE_SORTED,2000,4,2000007034,24324426007,-1,447412,11,1951,50773,0,50402,2302,6000,1650.8770293166258
ClosestPair,REVERSE_SORTED,2000,5,2000007135,24324426162,-1,440077,11,1951,50412,0,50097,2273,6000,1031.5260569094946
ClosestPair,REVERSE_SORTED,2000,6,2000007236,24324429353,-1,390811,11,1951,50562,0,50197,2292,6000,560.99534421965010
ClosestPair,REVERSE_SORTED,2000,7,2000007337,24324429508,-1,426962,11,1951,50521,0,50232,2274,6000,848.42821160117360
QuickSort,RANDOM,10000,1,10000030731,32394754662,-1,1300738,9,2015,159717,112856,225712,0,0,7450120.0000000000
QuickSort,RANDOM,10000,2,10000030832,32394754589,-1,1218685,8,1998,153554,107269,214538,0,0,-22821751.000000000
QuickSort,RANDOM,10000,3,10000030933,32394754744,-1,1188342,9,2009,157784,107524,215048,0,0,16537019.000000000
QuickSort,RANDOM,10000,4,10000031034,32394754903,-1,1184105,8,2005,160502,113007,226014,0,0,-5315447.0000000000
QuickSort,RANDOM,10000,5,10000031135,32394755058,-1,1217641,8,2009,168283,114175,228350,0,0,-38833979.000000000
QuickSort,RANDOM,10000,6,10000031236,32394754153,-1,1398968,8,2008,157369,110584,221168,0,0,7991313.0000000000
QuickSort,RANDOM,10000,7,10000031337,32394754052,-1,1221743,8,2006,181525,129307,258614,0,0,9549936.0000000000
MergeSort,RANDOM,1000,1,1000003731,25324568318,-1,59214,7,127,10247,0,16495,0,1000,-28468453.000000000
MergeSort,RANDOM,1000,2,1000003832,25324568213,-1,59737,7,127,10427,0,16702,0,1000,-35999009.000000000
MergeSort,RANDOM,1000,3,1000003933,25324568368,-1,59724,7,127,10326,0,16614,0,1000,-64548231.000000000
MergeSort,RANDOM,1000,4,1000004034,25324568495,-1,57950,7,127,10130,0,16375,0,1000,-109046044.00000000
MergeSort,RANDOM,1000,5,1000004135,25324567626,-1,61071,7,127,10312,0,16596,0,1000,-32508831.000000000
MergeSort,RANDOM,1000,6,1000004236,25324567777,-1,77091,7,127,10321,0,16591,0,1000,-94340359.000000000
MergeSort,RANDOM,1000,7,1000004337,25324567708,-1,59868,7,127,10320,0,16613,0,1000,85328013.000000000
QuickSort,REVERSE_SORTED,100,1,100001031,25150686058,-1,8035,4,23,739,456,912,0,0,134760369.00000000
QuickSort,REVERSE_SORTED,100,2,100001132,25150685953,-1,9371,4,19,747,466,932,0,0,-50589139.000000000
QuickSort,REVERSE_SORTED,100,3,100001233,25150686140,-1,9057,4,17,653,336,672,0,0,-198360633.00000000
QuickSort,REVERSE_SORTED,100,4,100001334,25150685275,-1,9922,4,20,751,424,848,0,0,210596166.00000000
QuickSort,REVERSE_SORTED,100,5,100001435,25150685430,-1,9428,4,19,732,414,828,0,0,268298632.00000000
QuickSort,REVERSE_SORTED,100,6,100001536,25150685549,-1,8939,4,23,729,462,924,0,0,201926781.00000000
QuickSort,REVERSE_SORTED,100,7,100001637,25150685448,-1,9493,4,22,717,388,776,0,0,21952317.000000000
BruteForce,RANDOM,100,1,100001031,25150686058,-1,188036,0,0,4950,0,0,4950,0,4083.4631278960280
BruteForce,RANDOM,100,2,100001132,25150685953,-1,101912,0,0,4950,0,0,4950,0,24878.844534466170
BruteForce,RANDOM,100,3,100001233,25150686140,-1,100848,0,0,4950,0,0,4950,0,15013.194785003370
BruteForce,RANDOM,100,4,100001334,25150685275,-1,119439,0,0,4950,0,0,4950,0,33733.676929458066
BruteForce,RANDOM,100,5,100001435,25150685430,-1,85243,0,0,4950,0,0,4950,0,10997.672552437525
BruteForce,RANDOM,100,6,100001536,25150685549,-1,81385,0,0,4950,0,0,4950,0,9294.9068326972100
BruteForce,RANDOM,100,7,100001637,25150685448,-1,83514,0,0,4950,0,0,4950,0,20462.722783547113
MergeSort,SORTED,100,1,100001031,25150686058,-1,1487,4,15,240,0,692,0,100,134760369.00000000
MergeSort,SORTED,100,2,100001132,25150685953,-1,2380,4,15,240,0,692,0,100,-50589139.000000000
MergeSort,SORTED,100,3,100001233,25150686140,-1,3820,4,15,240,0,692,0,100,-198360633.00000000
MergeSort,SORTED,100,4,100001334,25150685275,-1,2645,4,15,240,0,692,0,100,210596166.00000000
MergeSort,SORTED,100,5,100001435,25150685430,-1,2510,4,15,240,0,692,0,100,268298632.00000000
MergeSort,SORTED,100,6,100001536,25150685549,-1,2332,4,15,240,0,692,0,100,201926781.00000000
MergeSort,SORTED,100,7,100001637,25150685448,-1,3948,4,15,240,0,692,0,100,21952317.000000000
BruteForce,REVERSE_SORTED,2000,1,2000006731,24324425766,-1,28126774,0,0,1999000,0,0,1999000,0,773.42217580572760
BruteForce,REVERSE_SORTED,2000,2,2000006832,24324425949,-1,27636195,0,0,1999000,0,0,1999000,0,863.23559764500900
BruteForce,REVERSE_SORTED,2000,3,2000006933,24324426104,-1,27645667,0,0,1999000,0,0,1999000,0,481.25174189783380
BruteForce,REVERSE_SORTED,2000,4,2000007034,24324426007,-1,32031538,0,0,1999000,0,0,1999000,0,1650.8770293166258
BruteForce,REVERSE_SORTED,2000,5,2000007135,24324426162,-1,28785148,0,0,1999000,0,0,1999000,0,1031.5260569094946
BruteForce,REVERSE_SORTED,2000,6,2000007236,24324429353,-1,30546088,0,0,1999000,0,0,1999000,0,560.99534421965010
BruteForce,REVERSE_SORTED,2000,7,2000007337,24324429508,-1,28725783,0,0,1999000,0,0,1999000,0,848.42821160117360
QuickSort,REVERSE_SORTED,1000,1,1000003731,25324568318,-1,62911,6,199,11362,6504,13008,0,0,-28468453.000000000
QuickSort,REVERSE_SORTED,1000,2,1000003832,25324568213,-1,63195,7,201,11350,6756,13512,0,0,-35999009.000000000
QuickSort,REVERSE_SORTED,1000,3,1000003933,25324568368,-1,230187,6,194,12587,6948,13896,0,0,-64548231.000000000
QuickSort,REVERSE_SORTED,1000,4,1000004034,25324568495,-1,64433,6,214,11715,6842,13684,0,0,-109046044.00000000
QuickSort,REVERSE_SORTED,1000,5,1000004135,25324567626,-1,61287,6,189,11364,6338,12676,0,0,-32508831.000000000
QuickSort,REVERSE_SORTED,1000,6,1000004236,25324567777,-1,62061,6,199,11298,6352,12704,0,0,-94340359.000000000
QuickSort,REVERSE_SORTED,1000,7,1000004337,25324567708,-1,64481,6,203,12236,7594,15188,0,0,85328013.000000000
MergeSort,DUPLICATE_HEAVY,10000,1,10000030731,32394754662,-1,459433,10,1023,133337,0,230154,0,10000,4.0000000000000000
MergeSort,DUPLICATE_HEAVY,10000,2,10000030832,32394754589,-1,462713,10,1023,133131,0,229714,0,10000,4.0000000000000000
MergeSort,DUPLICATE_HEAVY,10000,3,10000030933,32394754744,-1,467861,10,1023,133741,0,230350,0,10000,4.0000000000000000
MergeSort,DUPLICATE_HEAVY,10000,4,10000031034,32394754903,-1,491470,10,1023,134029,0,230496,0,10000,3.0000000000000000
MergeSort,DUPLICATE_HEAVY,10000,5,10000031135,32394755058,-1,482336,10,1023,133419,0,229983,0,10000,3.0000000000000000
MergeSort,DUPLICATE_HEAVY,10000,6,10000031236,32394754153,-1,744088,10,1023,133728,0,230530,0,10000,4.0000000000000000
MergeSort,DUPLICATE_HEAVY,10000,7,10000031337,32394754052,-1,568846,10,1023,133403,0,230018,0,10000,3.0000000000000000
Select,SORTED,300000,1,300000900731,275005739030,150000,6137548,17,2904,1972225,1028175,3217350,0,0,10433320.000000000
Select,SORTED,300000,2,300000900832,275005739149,150000,5728329,17,2904,1972225,1028175,3217350,0,0,-637654.00000000000
Select,SORTED,300000,3,300000900933,275005739304,150000,6338823,17,2904,1972225,1028175,3217350,0,0,-2930454.0000000000
Select,SORTED,300000,4,300000901034,275005739463,150000,6107230,17,2904,1972225,1028175,3217350,0,0,-4261617.0000000000
Select,SORTED,300000,5,300000901135,275005742690,150000,6183996,17,2904,1972225,1028175,3217350,0,0,2910458.0000000000
Select,SORTED,300000,6,300000901236,275005742617,150000,6413286,17,2904,1972225,1028175,3217350,0,0,3376360.0000000000
Select,SORTED,300000,7,300000901337,275005742772,150000,6392083,17,2904,1972224,1028175,3217349,0,0,-903007.00000000000
MergeSort,DUPLICATE_HEAVY,300000,1,300000900731,275005739030,-1,17168291,15,32767,5325589,0,9820150,0,300000,4.0000000000000000
MergeSort,DUPLICATE_HEAVY,300000,2,300000900832,275005739149,-1,18554529,15,32767,5323843,0,9818905,0,300000,4.0000000000000000
MergeSort,DUPLICATE_HEAVY,300000,3,300000900933,275005739304,-1,17894723,15,32767,5325913,0,9820076,0,300000,3.0000000000000000
MergeSort,DUPLICATE_HEAVY,300000,4,300000901034,275005739463,-1,17311970,15,32767,5324486,0,9819154,0,300000,4.0000000000000000
MergeSort,DUPLICATE_HEAVY,300000,5,300000901135,275005742690,-1,17349622,15,32767,5323677,0,9817755,0,300000,4.0000000000000000
MergeSort,DUPLICATE_HEAVY,300000,6,300000901236,275005742617,-1,17656239,15,32767,5328984,0,9821173,0,300000,3.0000000000000000
MergeSort,DUPLICATE_HEAVY,300000,7,300000901337,275005742772,-1,21431375,15,32767,5326014,0,9818814,0,300000,4.0000000000000000
MergeSort,RANDOM,100000,1,100000300731,79835928790,-1,10769363,14,11583,1765238,0,3032932,0,100000,-10057095.000000000
MergeSort,RANDOM,100000,2,100000300832,79835928909,-1,10989714,14,11583,1763709,0,3030984,0,100000,-949886.00000000000
MergeSort,RANDOM,100000,3,100000300933,79835929064,-1,10283228,14,11583,1766106,0,3033581,0,100000,-3940319.0000000000
MergeSort,RANDOM,100000,4,100000301034,79835928967,-1,11339363,14,11583,1764284,0,3031711,0,100000,2916631.0000000000
MergeSort,RANDOM,100000,5,100000301135,79835915810,-1,10419076,14,11583,1765937,0,3033818,0,100000,1338861.0000000000
MergeSort,RANDOM,100000,6,100000301236,79835915993,-1,10825434,14,11583,1765289,0,3032946,0,100000,-3626750.0000000000
MergeSort,RANDOM,100000,7,100000301337,79835916148,-1,10772573,14,11583,1766020,0,3033445,0,100000,-346752.00000000000
MergeSort,DUPLICATE_HEAVY,100,1,100001031,25150686058,-1,5425,4,15,584,0,915,0,100,4.0000000000000000
MergeSort,DUPLICATE_HEAVY,100,2,100001132,25150685953,-1,4283,4,15,586,0,924,0,100,4.0000000000000000
MergeSort,DUPLICATE_HEAVY,100,3,100001233,25150686140,-1,4394,4,15,633,0,967,0,100,3.0000000000000000
MergeSort,DUPLICATE_HEAVY,100,4,100001334,25150685275,-1,4106,4,15,597,0,939,0,100,4.0000000000000000
MergeSort,DUPLICATE_HEAVY,100,5,100001435,25150685430,-1,4453,4,15,630,0,965,0,100,3.0000000000000000
MergeSort,DUPLICATE_HEAVY,100,6,100001536,25150685549,-1,4632,4,15,574,0,911,0,100,3.0000000000000000
MergeSort,DUPLICATE_HEAVY,100,7,100001637,25150685448,-1,4295,4,15,594,0,931,0,100,3.0000000000000000
BruteForce,DUPLICATE_HEAVY,1000,1,1000003731,25324568318,-1,11898136,0,0,499500,0,0,499500,0,0.0000000000000000
BruteForce,DUPLICATE_HEAVY,1000,2,1000003832,25324568213,-1,9013451,0,0,499500,0,0,499500,0,0.0000000000000000
BruteForce,DUPLICATE_HEAVY,1000,3,1000003933,25324568368,-1,9128480,0,0,499500,0,0,499500,0,0.0000000000000000
BruteForce,DUPLICATE_HEAVY,1000,4,1000004034,25324568495,-1,9251012,0,0,499500,0,0,499500,0,0.0000000000000000
BruteForce,DUPLICATE_HEAVY,1000,5,1000004135,25324567626,-1,8882432,0,0,499500,0,0,499500,0,0.0000000000000000
BruteForce,DUPLICATE_HEAVY,1000,6,1000004236,25324567777,-1,9427563,0,0,499500,0,0,499500,0,0.0000000000000000
BruteForce,DUPLICATE_HEAVY,1000,7,1000004337,25324567708,-1,12249924,0,0,499500,0,0,499500,0,0.0000000000000000
ClosestPair,RANDOM,2000,1,2000006731,24324425766,-1,758407,11,1951,68048,0,50317,2299,6000,773.42217580572760
ClosestPair,RANDOM,2000,2,2000006832,24324425949,-1,743688,11,1951,67908,0,50238,2285,6000,863.23559764500900
ClosestPair,RANDOM,2000,3,2000006933,24324426104,-1,683027,11,1951,67943,0,50156,2325,6000,481.25174189783380
ClosestPair,RANDOM,2000,4,2000007034,24324426007,-1,715523,11,1951,68129,0,50402,2302,6000,1650.8770293166258
ClosestPair,RANDOM,2000,5,2000007135,24324426162,-1,667849,11,1951,67787,0,50097,2273,6000,1031.5260569094946
ClosestPair,RANDOM,2000,6,2000007236,24324429353,-1,700659,11,1951,67943,0,50197,2292,6000,560.99534421965010
ClosestPair,RANDOM,2000,7,2000007337,24324429508,-1,701630,11,1951,67860,0,50232,2274,6000,848.42821160117360
QuickSort,RANDOM,100,1,100001031,25150686058,-1,8899,3,21,769,553,1106,0,0,134760369.00000000
QuickSort,RANDOM,100,2,100001132,25150685953,-1,9249,4,19,794,443,886,0,0,-50589139.000000000
QuickSort,RANDOM,100,3,100001233,25150686140,-1,8660,4,20,716,455,910,0,0,-198360633.00000000
QuickSort,RANDOM,100,4,100001334,25150685275,-1,9464,4,22,803,575,1150,0,0,210596166.00000000
QuickSort,RANDOM,100,5,100001435,25150685430,-1,8541,4,22,648,407,814,0,0,268298632.00000000
QuickSort,RANDOM,100,6,100001536,25150685549,-1,8998,4,20,717,441,882,0,0,201926781.00000000
QuickSort,RANDOM,100,7,100001637,25150685448,-1,8483,4,22,636,396,792,0,0,21952317.000000000
BruteForce,RANDOM,1000,1,1000003731,25324568318,-1,8394138,0,0,499500,0,0,499500,0,2308.2118324362160
BruteForce,RANDOM,1000,2,1000003832,25324568213,-1,8801181,0,0,499500,0,0,499500,0,2060.6038470838207
BruteForce,RANDOM,1000,3,1000003933,25324568368,-1,8717608,0,0,499500,0,0,499500,0,280.17358654504310
BruteForce,RANDOM,1000,4,1000004034,25324568495,-1,8685499,0,0,499500,0,0,499500,0,460.23906168743366
BruteForce,RANDOM,1000,5,1000004135,25324567626,-1,8438216,0,0,499500,0,0,499500,0,972.64866856184840
BruteForce,RANDOM,1000,6,1000004236,25324567777,-1,8766040,0,0,499500,0,0,499500,0,1823.1037370316812
BruteForce,RANDOM,1000,7,1000004337,25324567708,-1,8371398,0,0,499500,0,0,499500,0,1395.0340102696002
BruteForce,REVERSE_SORTED,100,1,100001031,25150686058,-1,63780,0,0,4950,0,0,4950,0,4083.4631278960280
BruteForce,REVERSE_SORTED,100,2,100001132,25150685953,-1,63750,0,0,4950,0,0,4950,0,24878.844534466170
BruteForce,REVERSE_SORTED,100,3,100001233,25150686140,-1,64630,0,0,4950,0,0,4950,0,15013.194785003370
BruteForce,REVERSE_SORTED,100,4,100001334,25150685275,-1,63219,0,0,4950,0,0,4950,0,33733.676929458066
BruteForce,REVERSE_SORTED,100,5,100001435,25150685430,-1,166740,0,0,4950,0,0,4950,0,10997.672552437525
BruteForce,REVERSE_SORTED,100,6,100001536,25150685549,-1,182405,0,0,4950,0,0,4950,0,9294.9068326972100
BruteForce,REVERSE_SORTED,100,7,100001637,25150685448,-1,62785,0,0,4950,0,0,4950,0,20462.722783547113
ClosestPair,DUPLICATE_HEAVY,300000,1,300000900731,275005739030,-1,154173131,18,262143,11531564,0,10668936,206784,900000,0.0000000000000000
ClosestPair,DUPLICATE_HEAVY,300000,2,300000900832,275005739149,-1,164187034,18,262143,11590169,0,10668932,206784,900000,0.0000000000000000
ClosestPair,DUPLICATE_HEAVY,300000,3,300000900933,275005739304,-1,143434897,18,262143,11556183,0,10668934,206784,900000,0.0000000000000000
ClosestPair,DUPLICATE_HEAVY,300000,4,300000901034,275005739463,-1,142073431,18,262143,11436707,0,10668931,206784,900000,0.0000000000000000
ClosestPair,DUPLICATE_HEAVY,300000,5,300000901135,275005742690,-1,144246287,18,262143,11536785,0,10668933,206784,900000,0.0000000000000000
ClosestPair,DUPLICATE_HEAVY,300000,6,300000901236,275005742617,-1,145272783,18,262143,11441943,0,10668933,206784,900000,0.0000000000000000
ClosestPair,DUPLICATE_HEAVY,300000,7,300000901337,275005742772,-1,189322527,18,262143,11564259,0,10668935,206784,900000,0.0000000000000000
MergeSort,REVERSE_SORTED,10000,1,10000030731,32394754662,-1,582222,10,1023,137872,0,282208,0,10000,7450120.0000000000
MergeSort,REVERSE_SORTED,10000,2,10000030832,32394754589,-1,421040,10,1023,137872,0,282208,0,10000,-22821751.000000000
MergeSort,REVERSE_SORTED,10000,3,10000030933,32394754744,-1,424843,10,1023,137872,0,282208,0,10000,16537019.000000000
MergeSort,REVERSE_SORTED,10000,4,10000031034,32394754903,-1,396437,10,1023,137872,0,282208,0,10000,-5315447.0000000000
MergeSort,REVERSE_SORTED,10000,5,10000031135,32394755058,-1,521714,10,1023,137872,0,282208,0,10000,-38833979.000000000
MergeSort,REVERSE_SORTED,10000,6,10000031236,32394754153,-1,349625,10,1023,137872,0,282208,0,10000,7991313.0000000000
MergeSort,REVERSE_SORTED,10000,7,10000031337,32394754052,-1,436266,10,1023,137872,0,282208,0,10000,9549936.0000000000
QuickSort,SORTED,1000,1,1000003731,25324568318,-1,66880,6,193,11159,6348,12696,0,0,-28468453.000000000
QuickSort,SORTED,1000,2,1000003832,25324568213,-1,60290,6,199,11123,5580,11160,0,0,-35999009.000000000
QuickSort,SORTED,1000,3,1000003933,25324568368,-1,60898,6,205,11407,5058,10116,0,0,-64548231.000000000
QuickSort,SORTED,1000,4,1000004034,25324568495,-1,175001,6,206,12128,7020,14040,0,0,-109046044.00000000
QuickSort,SORTED,1000,5,1000004135,25324567626,-1,86827,5,195,11356,5498,10996,0,0,-32508831.000000000
QuickSort,SORTED,1000,6,1000004236,25324567777,-1,60525,7,210,11043,5490,10980,0,0,-94340359.000000000
QuickSort,SORTED,1000,7,1000004337,25324567708,-1,171231,6,195,12235,7676,15352,0,0,85328013.000000000
MergeSort,REVERSE_SORTED,300000,1,300000900731,275005739030,-1,16129113,15,32767,4703504,0,11281944,0,300000,10433320.000000000
MergeSort,REVERSE_SORTED,300000,2,300000900832,275005739149,-1,16646666,15,32767,4703504,0,11281937,0,300000,-637654.00000000000
MergeSort,REVERSE_SORTED,300000,3,300000900933,275005739304,-1,15575633,15,32767,4703504,0,11281946,0,300000,-2930454.0000000000
MergeSort,REVERSE_SORTED,300000,4,300000901034,275005739463,-1,22050206,15,32767,4703504,0,11281944,0,300000,-4261617.0000000000
MergeSort,REVERSE_SORTED,300000,5,300000901135,275005742690,-1,15554590,15,32767,4703505,0,11281944,0,300000,2910458.0000000000
MergeSort,REVERSE_SORTED,300000,6,300000901236,275005742617,-1,16758127,15,32767,4703504,0,11281947,0,300000,3376360.0000000000
MergeSort,REVERSE_SORTED,300000,7,300000901337,275005742772,-1,16576354,15,32767,4703506,0,11281938,0,300000,-903007.00000000000
Select,SORTED,100000,1,100000300731,79835928790,50000,1917369,16,1295,644495,336256,1051331,0,0,-10057095.000000000
Select,SORTED,100000,2,100000300832,79835928909,50000,2277680,16,1295,644495,336256,1051331,0,0,-949886.00000000000
Select,SORTED,100000,3,100000300933,79835929064,50000,1988788,16,1295,644495,336256,1051331,0,0,-3940319.0000000000
Select,SORTED,100000,4,100000301034,79835928967,50000,2209805,16,1295,644495,336256,1051331,0,0,2916631.0000000000
Select,SORTED,100000,5,100000301135,79835915810,50000,2006785,16,1295,644495,336256,1051331,0,0,1338861.0000000000
Select,SORTED,100000,6,100000301236,79835915993,50000,1920780,16,1295,644495,336256,1051331,0,0,-3626750.0000000000
Select,SORTED,100000,7,100000301337,79835916148,50000,1930855,16,1295,644495,336256,1051331,0,0,-346752.00000000000
Select,SORTED,100,1,100001031,25150686058,50,1567,6,17,458,238,738,0,0,134760369.00000000
Select,SORTED,100,2,100001132,25150685953,50,1829,6,17,458,238,738,0,0,-50589139.000000000
Select,SORTED,100,3,100001233,25150686140,50,1755,6,17,458,238,738,0,0,-198360633.00000000
Select,SORTED,100,4,100001334,25150685275,50,1696,6,17,458,238,738,0,0,210596166.00000000
Select,SORTED,100,5,100001435,25150685430,50,1673,6,17,458,238,738,0,0,268298632.00000000
Select,SORTED,100,6,100001536,25150685549,50,1716,6,17,458,238,738,0,0,201926781.00000000
Select,SORTED,100,7,100001637,25150685448,50,1707,6,17,458,238,738,0,0,21952317.000000000
Select,DUPLICATE_HEAVY,100000,1,100000300731,79835928790,50000,3347716,9,26,514057,198231,727892,0,0,4.0000000000000000
Select,DUPLICATE_HEAVY,100000,2,100000300832,79835928909,50000,2134758,8,8,306554,118557,444260,0,0,4.0000000000000000
Select,DUPLICATE_HEAVY,100000,3,100000300933,79835929064,50000,2137415,8,8,307349,118373,444614,0,0,4.0000000000000000
Select,DUPLICATE_HEAVY,100000,4,100000301034,79835928967,50000,2380537,8,8,306923,124867,457111,0,0,3.0000000000000000
Select,DUPLICATE_HEAVY,100000,5,100000301135,79835915810,50000,3595024,9,39,552846,199760,753454,0,0,3.0000000000000000
Select,DUPLICATE_HEAVY,100000,6,100000301236,79835915993,50000,3555131,9,23,518246,197810,731062,0,0,4.0000000000000000
Select,DUPLICATE_HEAVY,100000,7,100000301337,79835916148,50000,2490965,9,26,349631,135718,502798,0,0,3.0000000000000000
Select,DUPLICATE_HEAVY,300000,1,300000900731,275005739030,150000,6621288,8,8,920588,355576,1333391,0,0,4.0000000000000000
Select,DUPLICATE_HEAVY,300000,2,300000900832,275005739149,150000,6016312,8,8,919610,355926,1333105,0,0,4.0000000000000000
Select,DUPLICATE_HEAVY,300000,3,300000900933,275005739304,150000,6090838,9,13,922923,374812,1372799,0,0,3.0000000000000000
Select,DUPLICATE_HEAVY,300000,4,300000901034,275005739463,150000,9492005,9,34,1498095,556801,2100349,0,0,4.0000000000000000
Select,DUPLICATE_HEAVY,300000,5,300000901135,275005742690,150000,10691496,9,26,1578536,593824,2221422,0,0,4.0000000000000000
Select,DUPLICATE_HEAVY,300000,6,300000901236,275005742617,150000,8179647,9,10,920399,374809,1371909,0,0,3.0000000000000000
Select,DUPLICATE_HEAVY,300000,7,300000901337,275005742772,150000,7052335,9,27,1051528,394532,1484244,0,0,4.0000000000000000
ClosestPair,RANDOM,100,1,100001031,25150686058,-1,21827,7,71,1896,0,1416,126,300,4083.4631278960280
ClosestPair,RANDOM,100,2,100001132,25150685953,-1,23109,7,71,1908,0,1428,132,300,24878.844534466170
ClosestPair,RANDOM,100,3,100001233,25150686140,-1,22554,7,71,1888,0,1400,131,300,15013.194785003370
ClosestPair,RANDOM,100,4,100001334,25150685275,-1,23665,7,71,1898,0,1430,129,300,33733.676929458066
ClosestPair,RANDOM,100,5,100001435,25150685430,-1,22075,7,71,1840,0,1391,123,300,10997.672552437525
ClosestPair,RANDOM,100,6,100001536,25150685549,-1,22277,7,71,1923,0,1437,132,300,9294.9068326972100
ClosestPair,RANDOM,100,7,100001637,25150685448,-1,21480,7,71,1904,0,1423,129,300,20462.722783547113
Select,SORTED,1000,1,1000003731,25324568318,500,16827,8,78,5722,3032,9335,0,0,-28468453.000000000
Select,SORTED,1000,2,1000003832,25324568213,500,16612,8,78,5722,3032,9335,0,0,-35999009.000000000
Select,SORTED,1000,3,1000003933,25324568368,500,15515,8,78,5722,3032,9335,0,0,-64548231.000000000
Select,SORTED,1000,4,1000004034,25324568495,500,14958,8,78,5722,3032,9335,0,0,-109046044.00000000
Select,SORTED,1000,5,1000004135,25324567626,500,14429,8,78,5722,3032,9335,0,0,-32508831.000000000
Select,SORTED,1000,6,1000004236,25324567777,500,14754,8,78,5722,3032,9335,0,0,-94340359.000000000
Select,SORTED,1000,7,1000004337,25324567708,500,17230,8,78,5722,3032,9335,0,0,85328013.000000000
Select,RANDOM,100000,1,100000300731,79835928790,50000,5143556,16,1564,856190,366291,1343520,0,0,-10057095.000000000
Select,RANDOM,100000,2,100000300832,79835928909,50000,5102264,15,1501,837911,357168,1311712,0,0,-949886.00000000000
Select,RANDOM,100000,3,100000300933,79835929064,50000,4530143,15,1478,838313,356879,1318120,0,0,-3940319.0000000000
Select,RANDOM,100000,4,100000301034,79835928967,50000,4783822,15,1459,835792,356802,1315946,0,0,2916631.0000000000
Select,RANDOM,100000,5,100000301135,79835915810,50000,4662357,15,1448,831865,356408,1306114,0,0,1338861.0000000000
Select,RANDOM,100000,6,100000301236,79835915993,50000,5145512,15,1506,839969,357738,1321558,0,0,-3626750.0000000000
Select,RANDOM,100000,7,100000301337,79835916148,50000,6428275,16,1480,840552,361987,1322159,0,0,-346752.00000000000
QuickSort,SORTED,10000,1,10000030731,32394754662,-1,874859,8,1999,166757,84602,169204,0,0,7450120.0000000000
QuickSort,SORTED,10000,2,10000030832,32394754589,-1,815796,9,1983,155593,85778,171556,0,0,-22821751.000000000
QuickSort,SORTED,10000,3,10000030933,32394754744,-1,861373,8,2016,166392,87724,175448,0,0,16537019.000000000
QuickSort,SORTED,10000,4,10000031034,32394754903,-1,813950,8,2009,166007,91652,183304,0,0,-5315447.0000000000
QuickSort,SORTED,10000,5,10000031135,32394755058,-1,934003,9,2010,156454,79342,158684,0,0,-38833979.000000000
QuickSort,SORTED,10000,6,10000031236,32394754153,-1,1082958,9,2002,163560,83218,166436,0,0,7991313.0000000000
QuickSort,SORTED,10000,7,10000031337,32394754052,-1,1124697,8,2001,161630,84272,168544,0,0,9549936.0000000000
Select,RANDOM,300000,1,300000900731,275005739030,150000,16038069,18,3069,2585176,1104922,4061319,0,0,10433320.000000000
Select,RANDOM,300000,2,300000900832,275005739149,150000,14118220,17,3121,2518785,1081213,3954945,0,0,-637654.00000000000
Select,RANDOM,300000,3,300000900933,275005739304,150000,14037171,17,3147,2557698,1097516,4020258,0,0,-2930454.0000000000
Select,RANDOM,300000,4,300000901034,275005739463,150000,19386564,17,2972,2493265,1079722,3930942,0,0,-4261617.0000000000
Select,RANDOM,300000,5,300000901135,275005742690,150000,13385414,17,3028,2489210,1077910,3921970,0,0,2910458.0000000000
Select,RANDOM,300000,6,300000901236,275005742617,150000,14072537,18,3022,2523232,1078714,3959719,0,0,3376360.0000000000
Select,RANDOM,300000,7,300000901337,275005742772,150000,14303151,17,2969,2514911,1076818,3943859,0,0,-903007.00000000000
QuickSort,DUPLICATE_HEAVY,100000,1,100000300731,79835928790,-1,2123192,2,3,349973,249966,499932,0,0,4.0000000000000000
QuickSort,DUPLICATE_HEAVY,100000,2,100000300832,79835928909,-1,2292633,2,2,412102,312075,624150,0,0,4.0000000000000000
QuickSort,DUPLICATE_HEAVY,100000,3,100000300933,79835929064,-1,2039406,2,3,287999,187991,375982,0,0,4.0000000000000000
QuickSort,DUPLICATE_HEAVY,100000,4,100000301034,79835928967,-1,2260321,2,3,300190,200181,400362,0,0,3.0000000000000000
QuickSort,DUPLICATE_HEAVY,100000,5,100000301135,79835915810,-1,2087498,2,3,287811,187797,375594,0,0,3.0000000000000000
QuickSort,DUPLICATE_HEAVY,100000,6,100000301236,79835915993,-1,2292634,2,3,299878,199868,399736,0,0,4.0000000000000000
QuickSort,DUPLICATE_HEAVY,100000,7,100000301337,79835916148,-1,2276731,3,4,275399,175381,350762,0,0,3.0000000000000000
Select,REVERSE_SORTED,10000,1,10000030731,32394754662,5000,295310,12,355,83321,34821,134949,0,0,7450120.0000000000
Select,REVERSE_SORTED,10000,2,10000030832,32394754589,5000,284472,12,355,83321,34821,134949,0,0,-22821751.000000000
Select,REVERSE_SORTED,10000,3,10000030933,32394754744,5000,265793,12,355,83321,34821,134949,0,0,16537019.000000000
Select,REVERSE_SORTED,10000,4,10000031034,32394754903,5000,290257,12,355,83321,34821,134949,0,0,-5315447.0000000000
Select,REVERSE_SORTED,10000,5,10000031135,32394755058,5000,294876,12,355,83321,34821,134949,0,0,-38833979.000000000
Select,REVERSE_SORTED,10000,6,10000031236,32394754153,5000,289089,12,355,83321,34821,134949,0,0,7991313.0000000000
Select,REVERSE_SORTED,10000,7,10000031337,32394754052,5000,284947,12,355,83321,34821,134949,0,0,9549936.0000000000
MergeSort,SORTED,300000,1,300000900731,275005739030,-1,10013136,15,32767,2378448,0,8683616,0,300000,10433320.000000000
MergeSort,SORTED,300000,2,300000900832,275005739149,-1,9909792,15,32767,2378448,0,8683616,0,300000,-637654.00000000000
MergeSort,SORTED,300000,3,300000900933,275005739304,-1,9343576,15,32767,2378448,0,8683616,0,300000,-2930454.0000000000
MergeSort,SORTED,300000,4,300000901034,275005739463,-1,9258984,15,32767,2378448,0,8683616,0,300000,-4261617.0000000000
MergeSort,SORTED,300000,5,300000901135,275005742690,-1,9435069,15,32767,2378448,0,8683616,0,300000,2910458.0000000000
MergeSort,SORTED,300000,6,300000901236,275005742617,-1,9438605,15,32767,2378448,0,8683616,0,300000,3376360.0000000000
MergeSort,SORTED,300000,7,300000901337,275005742772,-1,9386897,15,32767,2378448,0,8683616,0,300000,-903007.00000000000
ClosestPair,SORTED,100000,1,100000300731,79835928790,-1,32028881,17,68927,3771109,0,3705972,142650,300000,27.302321035313030
ClosestPair,SORTED,100000,2,100000300832,79835928909,-1,30330484,17,68927,3768666,0,3703763,142545,300000,22.224785716982087
ClosestPair,SORTED,100000,3,100000300933,79835929064,-1,36333126,17,68927,3770171,0,3704459,142679,300000,17.028778249745738
ClosestPair,SORTED,100000,4,100000301034,79835928967,-1,29832644,17,68927,3768303,0,3703250,142613,300000,22.529021971880827
ClosestPair,SORTED,100000,5,100000301135,79835915810,-1,47086410,17,68927,3769934,0,3704798,142578,300000,21.053373068451332
ClosestPair,SORTED,100000,6,100000301236,79835915993,-1,34460129,17,68927,3770955,0,3705294,142699,300000,16.302703123799550
ClosestPair,SORTED,100000,7,100000301337,79835916148,-1,29850372,17,68927,3772132,0,3707187,142542,300000,8.8674963043341460
QuickSort,RANDOM,100000,1,100000300731,79835928790,-1,15921111,10,20020,2019081,1448414,2896828,0,0,-10057095.000000000
QuickSort,RANDOM,100000,2,100000300832,79835928909,-1,14497419,11,19972,2030592,1491812,2983624,0,0,-949886.00000000000
QuickSort,RANDOM,100000,3,100000300933,79835929064,-1,14487708,10,20059,2089536,1486427,2972854,0,0,-3940319.0000000000
QuickSort,RANDOM,100000,4,100000301034,79835928967,-1,14561721,10,19948,2080723,1460628,2921256,0,0,2916631.0000000000
QuickSort,RANDOM,100000,5,100000301135,79835915810,-1,15361371,11,20009,1983248,1401917,2803834,0,0,1338861.0000000000
QuickSort,RANDOM,100000,6,100000301236,79835915993,-1,14574946,11,20042,2181741,1571932,3143864,0,0,-3626750.0000000000
QuickSort,RANDOM,100000,7,100000301337,79835916148,-1,15652291,10,19963,2141911,1511984,3023968,0,0,-346752.00000000000
ClosestPair,RANDOM,300000,1,300000900731,275005739030,-1,271945291,18,262143,17370403,0,12467933,383379,900000,8.0849827967192060
ClosestPair,RANDOM,300000,2,300000900832,275005739149,-1,326813567,18,262143,17362124,0,12458568,382989,900000,1.5850814198381190
ClosestPair,RANDOM,300000,3,300000900933,275005739304,-1,263372888,18,262143,17360794,0,12458098,383318,900000,4.5293350040364455
ClosestPair,RANDOM,300000,4,300000901034,275005739463,-1,239084644,18,262143,17361380,0,12459639,383096,900000,3.3626457854803980
ClosestPair,RANDOM,300000,5,300000901135,275005742690,-1,236063236,18,262143,17367345,0,12464877,382928,900000,6.9735998407038810
ClosestPair,RANDOM,300000,6,300000901236,275005742617,-1,245822267,18,262143,17373118,0,12468745,383634,900000,5.7648599549935640
ClosestPair,RANDOM,300000,7,300000901337,275005742772,-1,243116265,18,262143,17367104,0,12463798,383268,900000,0.81833734239244230
Select,RANDOM,1000,1,1000003731,25324568318,500,44062,8,59,7013,2921,10969,0,0,-28468453.000000000
Select,RANDOM,1000,2,1000003832,25324568213,500,48941,9,78,7520,3185,11730,0,0,-35999009.000000000
Select,RANDOM,1000,3,1000003933,25324568368,500,48487,9,70,7589,3201,11838,0,0,-64548231.000000000
Select,RANDOM,1000,4,1000004034,25324568495,500,122319,9,73,7765,3257,12164,0,0,-109046044.00000000
Select,RANDOM,1000,5,1000004135,25324567626,500,48001,10,80,7423,3169,11619,0,0,-32508831.000000000
Select,RANDOM,1000,6,1000004236,25324567777,500,47070,8,72,7547,3190,11792,0,0,-94340359.000000000
Select,RANDOM,1000,7,1000004337,25324567708,500,47770,8,74,7616,3192,11894,0,0,85328013.000000000
ClosestPair,DUPLICATE_HEAVY,2000,1,2000006731,24324425766,-1,547081,11,1951,53596,0,42741,1072,6000,0.0000000000000000
ClosestPair,DUPLICATE_HEAVY,2000,2,2000006832,24324425949,-1,499485,11,1951,53362,0,42741,1072,6000,0.0000000000000000
ClosestPair,DUPLICATE_HEAVY,2000,3,2000006933,24324426104,-1,533341,11,1951,53502,0,42739,1072,6000,0.0000000000000000
ClosestPair,DUPLICATE_HEAVY,2000,4,2000007034,24324426007,-1,512940,11,1951,53581,0,42739,1072,6000,0.0000000000000000
ClosestPair,DUPLICATE_HEAVY,2000,5,2000007135,24324426162,-1,513955,11,1951,53655,0,42739,1072,6000,0.0000000000000000
ClosestPair,DUPLICATE_HEAVY,2000,6,2000007236,24324429353,-1,523496,11,1951,53437,0,42742,1072,6000,0.0000000000000000
ClosestPair,DUPLICATE_HEAVY,2000,7,2000007337,24324429508,-1,525817,11,1951,53944,0,42740,1072,6000,0.0000000000000000
Select,REVERSE_SORTED,100000,1,100000300731,79835928790,50000,3023407,16,1675,857923,361698,1395727,0,0,-10057095.000000000
Select,REVERSE_SORTED,100000,2,100000300832,79835928909,50000,2787208,16,1675,857923,361698,1395727,0,0,-949886.00000000000
Select,REVERSE_SORTED,100000,3,100000300933,79835929064,50000,2721472,16,1675,857923,361698,1395726,0,0,-3940319.0000000000
Select,REVERSE_SORTED,100000,4,100000301034,79835928967,50000,2471391,16,1675,857923,361698,1395727,0,0,2916631.0000000000
Select,REVERSE_SORTED,100000,5,100000301135,79835915810,50000,2516016,16,1675,857923,361698,1395724,0,0,1338861.0000000000
Select,REVERSE_SORTED,100000,6,100000301236,79835915993,50000,2917608,16,1675,857923,361698,1395727,0,0,-3626750.0000000000
Select,REVERSE_SORTED,100000,7,100000301337,79835916148,50000,2584870,16,1675,857923,361698,1395727,0,0,-346752.00000000000
BruteForce,SORTED,100,1,100001031,25150686058,-1,184125,0,0,4950,0,0,4950,0,4083.4631278960280
BruteForce,SORTED,100,2,100001132,25150685953,-1,90166,0,0,4950,0,0,4950,0,24878.844534466170
BruteForce,SORTED,100,3,100001233,25150686140,-1,65573,0,0,4950,0,0,4950,0,15013.194785003370
BruteForce,SORTED,100,4,100001334,25150685275,-1,62157,0,0,4950,0,0,4950,0,33733.676929458066
BruteForce,SORTED,100,5,100001435,25150685430,-1,64211,0,0,4950,0,0,4950,0,10997.672552437525
BruteForce,SORTED,100,6,100001536,25150685549,-1,64472,0,0,4950,0,0,4950,0,9294.9068326972100
BruteForce,SORTED,100,7,100001637,25150685448,-1,64130,0,0,4950,0,0,4950,0,20462.722783547113
MergeSort,DUPLICATE_HEAVY,100000,1,100000300731,79835928790,-1,5353406,14,11583,1642871,0,2975250,0,100000,4.0000000000000000
MergeSort,DUPLICATE_HEAVY,100000,2,100000300832,79835928909,-1,5502516,14,11583,1644620,0,2975692,0,100000,4.0000000000000000
MergeSort,DUPLICATE_HEAVY,100000,3,100000300933,79835929064,-1,6124663,14,11583,1644777,0,2976295,0,100000,4.0000000000000000
MergeSort,DUPLICATE_HEAVY,100000,4,100000301034,79835928967,-1,5977169,14,11583,1644893,0,2976848,0,100000,3.0000000000000000
MergeSort,DUPLICATE_HEAVY,100000,5,100000301135,79835915810,-1,5471238,14,11583,1642929,0,2974412,0,100000,3.0000000000000000
MergeSort,DUPLICATE_HEAVY,100000,6,100000301236,79835915993,-1,5402592,14,11583,1644111,0,2975019,0,100000,4.0000000000000000
MergeSort,DUPLICATE_HEAVY,100000,7,100000301337,79835916148,-1,5824063,14,11583,1644786,0,2976121,0,100000,3.0000000000000000
QuickSort,RANDOM,1000,1,1000003731,25324568318,-1,93829,6,198,11510,7815,15630,0,0,-28468453.000000000
QuickSort,RANDOM,1000,2,1000003832,25324568213,-1,93743,7,200,10787,7334,14668,0,0,-35999009.000000000
QuickSort,RANDOM,1000,3,1000003933,25324568368,-1,94687,6,204,11881,8597,17194,0,0,-64548231.000000000
QuickSort,RANDOM,1000,4,1000004034,25324568495,-1,91972,7,208,11239,7616,15232,0,0,-109046044.00000000
QuickSort,RANDOM,1000,5,1000004135,25324567626,-1,94880,6,195,12253,8867,17734,0,0,-32508831.000000000
QuickSort,RANDOM,1000,6,1000004236,25324567777,-1,92288,6,204,12008,7053,14106,0,0,-94340359.000000000
QuickSort,RANDOM,1000,7,1000004337,25324567708,-1,94242,6,208,12303,8598,17196,0,0,85328013.000000000
ClosestPair,REVERSE_SORTED,100000,1,100000300731,79835928790,-1,30600722,17,68927,3771109,0,3705972,142650,300000,27.302321035313030
ClosestPair,REVERSE_SORTED,100000,2,100000300832,79835928909,-1,35913165,17,68927,3768666,0,3703763,142545,300000,22.224785716982087
ClosestPair,REVERSE_SORTED,100000,3,100000300933,79835929064,-1,36011760,17,68927,3770171,0,3704459,142679,300000,17.028778249745738
ClosestPair,REVERSE_SORTED,100000,4,100000301034,79835928967,-1,43556423,17,68927,3768303,0,3703250,142613,300000,22.529021971880827
ClosestPair,REVERSE_SORTED,100000,5,100000301135,79835915810,-1,29964510,17,68927,3769934,0,3704798,142578,300000,21.053373068451332
ClosestPair,REVERSE_SORTED,100000,6,100000301236,79835915993,-1,32306544,17,68927,3770955,0,3705294,142699,300000,16.302703123799550
ClosestPair,REVERSE_SORTED,100000,7,100000301337,79835916148,-1,33071931,17,68927,3772132,0,3707187,142542,300000,8.8674963043341460
QuickSort,REVERSE_SORTED,10000,1,10000030731,32394754662,-1,795166,8,2002,158347,88352,176704,0,0,7450120.0000000000
QuickSort,REVERSE_SORTED,10000,2,10000030832,32394754589,-1,818334,9,2013,158945,91948,183896,0,0,-22821751.000000000
QuickSort,REVERSE_SORTED,10000,3,10000030933,32394754744,-1,767404,9,1978,155333,86910,173820,0,0,16537019.000000000
QuickSort,REVERSE_SORTED,10000,4,10000031034,32394754903,-1,871440,8,2009,173804,94728,189456,0,0,-5315447.0000000000
QuickSort,REVERSE_SORTED,10000,5,10000031135,32394755058,-1,936236,9,2013,160771,90852,181704,0,0,-38833979.000000000
QuickSort,REVERSE_SORTED,10000,6,10000031236,32394754153,-1,1008495,8,1973,171588,103174,206348,0,0,7991313.0000000000
QuickSort,REVERSE_SORTED,10000,7,10000031337,32394754052,-1,945576,8,1999,162659,89680,179360,0,0,9549936.0000000000
MergeSort,REVERSE_SORTED,1000,1,1000003731,25324568318,-1,31390,7,127,10340,0,20256,0,1000,-28468453.000000000
MergeSort,REVERSE_SORTED,1000,2,1000003832,25324568213,-1,32997,7,127,10340,0,20256,0,1000,-35999009.000000000
MergeSort,REVERSE_SORTED,1000,3,1000003933,25324568368,-1,33068,7,127,10340,0,20256,0,1000,-64548231.000000000
MergeSort,REVERSE_SORTED,1000,4,1000004034,25324568495,-1,33255,7,127,10340,0,20256,0,1000,-109046044.00000000
MergeSort,REVERSE_SORTED,1000,5,1000004135,25324567626,-1,32446,7,127,10340,0,20256,0,1000,-32508831.000000000
MergeSort,REVERSE_SORTED,1000,6,1000004236,25324567777,-1,32600,7,127,10340,0,20256,0,1000,-94340359.000000000
MergeSort,REVERSE_SORTED,1000,7,1000004337,25324567708,-1,33315,7,127,10340,0,20256,0,1000,85328013.000000000
QuickSort,SORTED,100000,1,100000300731,79835928790,-1,9287426,11,19919,2131415,1082026,2164052,0,0,-10057095.000000000
QuickSort,SORTED,100000,2,100000300832,79835928909,-1,8716197,11,20065,2032340,1084500,2169000,0,0,-949886.00000000000
QuickSort,SORTED,100000,3,100000300933,79835929064,-1,9913744,11,19977,2065991,999675,1999350,0,0,-3940319.0000000000
QuickSort,SORTED,100000,4,100000301034,79835928967,-1,9864911,11,19924,2193283,1215982,2431964,0,0,2916631.0000000000
QuickSort,SORTED,100000,5,100000301135,79835915810,-1,9095260,10,20016,2098088,1021784,2043568,0,0,1338861.0000000000
QuickSort,SORTED,100000,6,100000301236,79835915993,-1,9565859,11,19955,2145407,1101654,2203308,0,0,-3626750.0000000000
QuickSort,SORTED,100000,7,100000301337,79835916148,-1,8925252,12,20012,1996261,1044256,2088512,0,0,-346752.00000000000
MergeSort,DUPLICATE_HEAVY,1000,1,1000003731,25324568318,-1,39268,7,127,9620,0,16091,0,1000,4.0000000000000000
MergeSort,DUPLICATE_HEAVY,1000,2,1000003832,25324568213,-1,39321,7,127,9647,0,16124,0,1000,4.0000000000000000
MergeSort,DUPLICATE_HEAVY,1000,3,1000003933,25324568368,-1,38235,7,127,9624,0,16144,0,1000,4.0000000000000000
MergeSort,DUPLICATE_HEAVY,1000,4,1000004034,25324568495,-1,38676,7,127,9821,0,16309,0,1000,3.0000000000000000
MergeSort,DUPLICATE_HEAVY,1000,5,1000004135,25324567626,-1,38278,7,127,9820,0,16303,0,1000,3.0000000000000000
MergeSort,DUPLICATE_HEAVY,1000,6,1000004236,25324567777,-1,37776,7,127,9556,0,16035,0,1000,3.0000000000000000
MergeSort,DUPLICATE_HEAVY,1000,7,1000004337,25324567708,-1,38244,7,127,9595,0,16102,0,1000,4.0000000000000000
ClosestPair,REVERSE_SORTED,1000,1,1000003731,25324568318,-1,201805,10,975,23157,0,22971,1166,3000,2308.2118324362160
ClosestPair,REVERSE_SORTED,1000,2,1000003832,25324568213,-1,176941,10,975,23056,0,22906,1140,3000,2060.6038470838207
ClosestPair,REVERSE_SORTED,1000,3,1000003933,25324568368,-1,169128,10,975,22964,0,22827,1135,3000,280.17358654504310
ClosestPair,REVERSE_SORTED,1000,4,1000004034,25324568495,-1,170617,10,975,22944,0,22832,1130,3000,460.23906168743366
ClosestPair,REVERSE_SORTED,1000,5,1000004135,25324567626,-1,174878,10,975,23181,0,22992,1155,3000,972.64866856184840
ClosestPair,REVERSE_SORTED,1000,6,1000004236,25324567777,-1,176225,10,975,22904,0,22746,1132,3000,1823.1037370316812
ClosestPair,REVERSE_SORTED,1000,7,1000004337,25324567708,-1,172377,10,975,22995,0,22808,1157,3000,1395.0340102696002
Select,SORTED,10000,1,10000030731,32394754662,5000,203854,12,361,62891,32910,102551,0,0,7450120.0000000000
Select,SORTED,10000,2,10000030832,32394754589,5000,201018,12,361,62891,32910,102551,0,0,-22821751.000000000
Select,SORTED,10000,3,10000030933,32394754744,5000,207447,12,361,62891,32910,102551,0,0,16537019.000000000
Select,SORTED,10000,4,10000031034,32394754903,5000,249424,12,361,62891,32910,102551,0,0,-5315447.0000000000
Select,SORTED,10000,5,10000031135,32394755058,5000,238147,12,361,62891,32910,102551,0,0,-38833979.000000000
Select,SORTED,10000,6,10000031236,32394754153,5000,207783,12,361,62891,32910,102551,0,0,7991313.0000000000
Select,SORTED,10000,7,10000031337,32394754052,5000,204969,12,361,62891,32910,102551,0,0,9549936.0000000000
MergeSort,REVERSE_SORTED,100000,1,100000300731,79835928790,-1,5006802,14,11583,1530032,0,3485632,0,100000,-10057095.000000000
MergeSort,REVERSE_SORTED,100000,2,100000300832,79835928909,-1,5148532,14,11583,1530032,0,3485632,0,100000,-949886.00000000000
MergeSort,REVERSE_SORTED,100000,3,100000300933,79835929064,-1,5547119,14,11583,1530032,0,3485630,0,100000,-3940319.0000000000
MergeSort,REVERSE_SORTED,100000,4,100000301034,79835928967,-1,4808888,14,11583,1530032,0,3485632,0,100000,2916631.0000000000
MergeSort,REVERSE_SORTED,100000,5,100000301135,79835915810,-1,5030601,14,11583,1530033,0,3485630,0,100000,1338861.0000000000
MergeSort,REVERSE_SORTED,100000,6,100000301236,79835915993,-1,5004819,14,11583,1530032,0,3485632,0,100000,-3626750.0000000000
MergeSort,REVERSE_SORTED,100000,7,100000301337,79835916148,-1,5419285,14,11583,1530032,0,3485632,0,100000,-346752.00000000000
QuickSort,DUPLICATE_HEAVY,1000,1,1000003731,25324568318,-1,22042,2,4,2838,1834,3668,0,0,4.0000000000000000
QuickSort,DUPLICATE_HEAVY,1000,2,1000003832,25324568213,-1,21948,2,3,2983,1976,3952,0,0,4.0000000000000000
QuickSort,DUPLICATE_HEAVY,1000,3,1000003933,25324568368,-1,37661,2,3,3028,2021,4042,0,0,4.0000000000000000
QuickSort,DUPLICATE_HEAVY,1000,4,1000004034,25324568495,-1,24127,2,2,3740,2736,5472,0,0,3.0000000000000000
QuickSort,DUPLICATE_HEAVY,1000,5,1000004135,25324567626,-1,23270,2,3,3417,2410,4820,0,0,3.0000000000000000
QuickSort,DUPLICATE_HEAVY,1000,6,1000004236,25324567777,-1,21974,2,3,2986,1965,3930,0,0,3.0000000000000000
QuickSort,DUPLICATE_HEAVY,1000,7,1000004337,25324567708,-1,28173,2,2,3450,2446,4892,0,0,4.0000000000000000
MergeSort,SORTED,100000,1,100000300731,79835928790,-1,3104309,14,11583,713200,0,2579008,0,100000,-10057095.000000000
MergeSort,SORTED,100000,2,100000300832,79835928909,-1,2789364,14,11583,713200,0,2579008,0,100000,-949886.00000000000
MergeSort,SORTED,100000,3,100000300933,79835929064,-1,2790052,14,11583,713200,0,2579008,0,100000,-3940319.0000000000
MergeSort,SORTED,100000,4,100000301034,79835928967,-1,2893831,14,11583,713200,0,2579008,0,100000,2916631.0000000000
MergeSort,SORTED,100000,5,100000301135,79835915810,-1,2690041,14,11583,713200,0,2579008,0,100000,1338861.0000000000
MergeSort,SORTED,100000,6,100000301236,79835915993,-1,2707031,14,11583,713200,0,2579008,0,100000,-3626750.0000000000
MergeSort,SORTED,100000,7,100000301337,79835916148,-1,2778754,14,11583,713200,0,2579008,0,100000,-346752.00000000000
Select,RANDOM,100,1,100001031,25150686058,50,5676,6,17,660,266,1006,0,0,134760369.00000000
Select,RANDOM,100,2,100001132,25150685953,50,5584,5,14,626,252,954,0,0,-50589139.000000000
Select,RANDOM,100,3,100001233,25150686140,50,4921,5,11,586,235,907,0,0,-198360633.00000000
Select,RANDOM,100,4,100001334,25150685275,50,5556,6,20,665,271,1028,0,0,210596166.00000000
Select,RANDOM,100,5,100001435,25150685430,50,2976,3,3,300,130,466,0,0,268298632.00000000
Select,RANDOM,100,6,100001536,25150685549,50,36465,6,22,696,284,1082,0,0,201926781.00000000
Select,RANDOM,100,7,100001637,25150685448,50,6057,6,22,671,274,1050,0,0,21952317.000000000
Select,REVERSE_SORTED,300000,1,300000900731,275005739030,150000,8077762,17,2964,2593781,1087489,4203836,0,0,10433320.000000000
Select,REVERSE_SORTED,300000,2,300000900832,275005739149,150000,8027936,17,2964,2593780,1087489,4203831,0,0,-637654.00000000000
Select,REVERSE_SORTED,300000,3,300000900933,275005739304,150000,8247144,17,2964,2593781,1087489,4203838,0,0,-2930454.0000000000
Select,REVERSE_SORTED,300000,4,300000901034,275005739463,150000,7857373,17,2964,2593780,1087489,4203835,0,0,-4261617.0000000000
Select,REVERSE_SORTED,300000,5,300000901135,275005742690,150000,8797159,17,2964,2593781,1087489,4203836,0,0,2910458.0000000000
Select,REVERSE_SORTED,300000,6,300000901236,275005742617,150000,8393385,17,2964,2593780,1087489,4203838,0,0,3376360.0000000000
Select,REVERSE_SORTED,300000,7,300000901337,275005742772,150000,7683958,17,2964,2593779,1087489,4203830,0,0,-903007.00000000000
MergeSort,RANDOM,300000,1,300000900731,275005739030,-1,34015309,15,32767,5709722,0,9982508,0,300000,10433320.000000000
MergeSort,RANDOM,300000,2,300000900832,275005739149,-1,36352004,15,32767,5711379,0,9984158,0,300000,-637654.00000000000
MergeSort,RANDOM,300000,3,300000900933,275005739304,-1,33928280,15,32767,5707849,0,9980033,0,300000,-2930454.0000000000
MergeSort,RANDOM,300000,4,300000901034,275005739463,-1,34211373,15,32767,5712817,0,9985338,0,300000,-4261617.0000000000
MergeSort,RANDOM,300000,5,300000901135,275005742690,-1,33758706,15,32767,5711644,0,9984257,0,300000,2910458.0000000000
MergeSort,RANDOM,300000,6,300000901236,275005742617,-1,40487446,15,32767,5711701,0,9984398,0,300000,3376360.0000000000
MergeSort,RANDOM,300000,7,300000901337,275005742772,-1,35235662,15,32767,5709193,0,9981789,0,300000,-903007.00000000000
BruteForce,SORTED,2000,1,2000006731,24324425766,-1,27015326,0,0,1999000,0,0,1999000,0,773.42217580572760
BruteForce,SORTED,2000,2,2000006832,24324425949,-1,28331553,0,0,1999000,0,0,1999000,0,863.23559764500900
BruteForce,SORTED,2000,3,2000006933,24324426104,-1,28442438,0,0,1999000,0,0,1999000,0,481.25174189783380
BruteForce,SORTED,2000,4,2000007034,24324426007,-1,28654327,0,0,1999000,0,0,1999000,0,1650.8770293166258
BruteForce,SORTED,2000,5,2000007135,24324426162,-1,30383105,0,0,1999000,0,0,1999000,0,1031.5260569094946
BruteForce,SORTED,2000,6,2000007236,24324429353,-1,28858924,0,0,1999000,0,0,1999000,0,560.99534421965010
BruteForce,SORTED,2000,7,2000007337,24324429508,-1,28088068,0,0,1999000,0,0,1999000,0,848.42821160117360
BruteForce,SORTED,1000,1,1000003731,25324568318,-1,6736401,0,0,499500,0,0,499500,0,2308.2118324362160
BruteForce,SORTED,1000,2,1000003832,25324568213,-1,6723517,0,0,499500,0,0,499500,0,2060.6038470838207
BruteForce,SORTED,1000,3,1000003933,25324568368,-1,6250531,0,0,499500,0,0,499500,0,280.17358654504310
BruteForce,SORTED,1000,4,1000004034,25324568495,-1,6468333,0,0,499500,0,0,499500,0,460.23906168743366
BruteForce,SORTED,1000,5,1000004135,25324567626,-1,7180969,0,0,499500,0,0,499500,0,972.64866856184840
BruteForce,SORTED,1000,6,1000004236,25324567777,-1,6521070,0,0,499500,0,0,499500,0,1823.1037370316812
BruteForce,SORTED,1000,7,1000004337,25324567708,-1,6340962,0,0,499500,0,0,499500,0,1395.0340102696002
ClosestPair,REVERSE_SORTED,100,1,100001031,25150686058,-1,13470,7,71,1462,0,1416,126,300,4083.4631278960280
ClosestPair,REVERSE_SORTED,100,2,100001132,25150685953,-1,14127,7,71,1472,0,1428,132,300,24878.844534466170
ClosestPair,REVERSE_SORTED,100,3,100001233,25150686140,-1,13819,7,71,1442,0,1400,131,300,15013.194785003370
ClosestPair,REVERSE_SORTED,100,4,100001334,25150685275,-1,13836,7,71,1459,0,1430,129,300,33733.676929458066
ClosestPair,REVERSE_SORTED,100,5,100001435,25150685430,-1,13570,7,71,1406,0,1391,123,300,10997.672552437525
ClosestPair,REVERSE_SORTED,100,6,100001536,25150685549,-1,13796,7,71,1477,0,1437,132,300,9294.9068326972100
ClosestPair,REVERSE_SORTED,100,7,100001637,25150685448,-1,13613,7,71,1464,0,1423,129,300,20462.722783547113
QuickSort,DUPLICATE_HEAVY,300000,1,300000900731,275005739030,-1,6044103,3,4,787978,487973,975946,0,0,4.0000000000000000
QuickSort,DUPLICATE_HEAVY,300000,2,300000900832,275005739149,-1,7803229,2,3,1049136,749122,1498244,0,0,4.0000000000000000
QuickSort,DUPLICATE_HEAVY,300000,3,300000900933,275005739304,-1,6943536,2,3,862700,562695,1125390,0,0,3.0000000000000000
QuickSort,DUPLICATE_HEAVY,300000,4,300000901034,275005739463,-1,5979169,2,3,824593,524587,1049174,0,0,4.0000000000000000
QuickSort,DUPLICATE_HEAVY,300000,5,300000901135,275005742690,-1,6563910,2,2,900318,600309,1200618,0,0,4.0000000000000000
QuickSort,DUPLICATE_HEAVY,300000,6,300000901236,275005742617,-1,6248417,2,3,862253,562235,1124470,0,0,3.0000000000000000
QuickSort,DUPLICATE_HEAVY,300000,7,300000901337,275005742772,-1,6148689,2,3,899517,599512,1199024,0,0,4.0000000000000000
BruteForce,DUPLICATE_HEAVY,100,1,100001031,25150686058,-1,83650,0,0,4950,0,0,4950,0,0.0000000000000000
BruteForce,DUPLICATE_HEAVY,100,2,100001132,25150685953,-1,84223,0,0,4950,0,0,4950,0,0.0000000000000000
BruteForce,DUPLICATE_HEAVY,100,3,100001233,25150686140,-1,84606,0,0,4950,0,0,4950,0,0.0000000000000000
BruteForce,DUPLICATE_HEAVY,100,4,100001334,25150685275,-1,86661,0,0,4950,0,0,4950,0,0.0000000000000000
BruteForce,DUPLICATE_HEAVY,100,5,100001435,25150685430,-1,105931,0,0,4950,0,0,4950,0,0.0000000000000000
BruteForce,DUPLICATE_HEAVY,100,6,100001536,25150685549,-1,83755,0,0,4950,0,0,4950,0,0.0000000000000000
BruteForce,DUPLICATE_HEAVY,100,7,100001637,25150685448,-1,88529,0,0,4950,0,0,4950,0,0.0000000000000000
QuickSort,DUPLICATE_HEAVY,10000,1,10000030731,32394754662,-1,196725,2,4,29792,19781,39562,0,0,4.0000000000000000
QuickSort,DUPLICATE_HEAVY,10000,2,10000030832,32394754589,-1,283264,2,3,30090,20078,40156,0,0,4.0000000000000000
QuickSort,DUPLICATE_HEAVY,10000,3,10000030933,32394754744,-1,209911,3,3,28667,18660,37320,0,0,4.0000000000000000
QuickSort,DUPLICATE_HEAVY,10000,4,10000031034,32394754903,-1,211189,2,3,30190,20174,40348,0,0,3.0000000000000000
QuickSort,DUPLICATE_HEAVY,10000,5,10000031135,32394755058,-1,191670,2,3,28656,18646,37292,0,0,3.0000000000000000
QuickSort,DUPLICATE_HEAVY,10000,6,10000031236,32394754153,-1,193831,2,3,29974,19969,39938,0,0,4.0000000000000000
QuickSort,DUPLICATE_HEAVY,10000,7,10000031337,32394754052,-1,208952,2,3,28629,18620,37240,0,0,3.0000000000000000
QuickSort,SORTED,300000,1,300000900731,275005739030,-1,30861635,12,60023,7128816,3636462,7272924,0,0,10433320.000000000
QuickSort,SORTED,300000,2,300000900832,275005739149,-1,29707546,12,60043,6855155,3707448,7414896,0,0,-637654.00000000000
QuickSort,SORTED,300000,3,300000900933,275005739304,-1,29669483,12,60038,7092259,3415554,6831108,0,0,-2930454.0000000000
QuickSort,SORTED,300000,4,300000901034,275005739463,-1,30298842,12,59925,6906232,3574313,7148626,0,0,-4261617.0000000000
QuickSort,SORTED,300000,5,300000901135,275005742690,-1,31769069,11,59974,7422594,4348415,8696830,0,0,2910458.0000000000
QuickSort,SORTED,300000,6,300000901236,275005742617,-1,30224548,11,60107,7007044,3816859,7633718,0,0,3376360.0000000000
QuickSort,SORTED,300000,7,300000901337,275005742772,-1,30081902,12,59988,6671875,3559285,7118570,0,0,-903007.00000000000
Select,DUPLICATE_HEAVY,10000,1,10000030731,32394754662,5000,361110,7,20,52697,19829,74248,0,0,4.0000000000000000
Select,DUPLICATE_HEAVY,10000,2,10000030832,32394754589,5000,192837,6,6,30682,11823,44386,0,0,4.0000000000000000
Select,DUPLICATE_HEAVY,10000,3,10000030933,32394754744,5000,265975,7,9,30602,11870,44309,0,0,4.0000000000000000
Select,DUPLICATE_HEAVY,10000,4,10000031034,32394754903,5000,190761,6,6,30674,12480,45680,0,0,3.0000000000000000
Select,DUPLICATE_HEAVY,10000,5,10000031135,32394755058,5000,188495,6,6,30650,12438,45568,0,0,3.0000000000000000
Select,DUPLICATE_HEAVY,10000,6,10000031236,32394754153,5000,209658,7,11,30707,11865,44467,0,0,4.0000000000000000
Select,DUPLICATE_HEAVY,10000,7,10000031337,32394754052,5000,202210,7,9,30849,12427,45724,0,0,3.0000000000000000
Select,DUPLICATE_HEAVY,1000,1,1000003731,25324568318,500,21030,5,5,3073,1200,4481,0,0,4.0000000000000000
Select,DUPLICATE_HEAVY,1000,2,1000003832,25324568213,500,23848,5,5,3102,1184,4483,0,0,4.0000000000000000
Select,DUPLICATE_HEAVY,1000,3,1000003933,25324568368,500,22082,5,8,3108,1197,4477,0,0,4.0000000000000000
Select,DUPLICATE_HEAVY,1000,4,1000004034,25324568495,500,38088,6,13,5203,1916,7237,0,0,3.0000000000000000
Select,DUPLICATE_HEAVY,1000,5,1000004135,25324567626,500,21105,5,5,3058,1228,4504,0,0,3.0000000000000000
Select,DUPLICATE_HEAVY,1000,6,1000004236,25324567777,500,20849,5,5,3015,1213,4442,0,0,3.0000000000000000
Select,DUPLICATE_HEAVY,1000,7,1000004337,25324567708,500,20803,5,5,3047,1170,4394,0,0,4.0000000000000000
QuickSort,DUPLICATE_HEAVY,100,1,100001031,25150686058,-1,3351,2,3,288,181,362,0,0,4.0000000000000000
QuickSort,DUPLICATE_HEAVY,100,2,100001132,25150685953,-1,3197,2,3,302,196,392,0,0,4.0000000000000000
QuickSort,DUPLICATE_HEAVY,100,3,100001233,25150686140,-1,3496,2,3,269,164,328,0,0,3.0000000000000000
QuickSort,DUPLICATE_HEAVY,100,4,100001334,25150685275,-1,3124,2,3,279,174,348,0,0,4.0000000000000000
QuickSort,DUPLICATE_HEAVY,100,5,100001435,25150685430,-1,3219,2,2,388,284,568,0,0,3.0000000000000000
QuickSort,DUPLICATE_HEAVY,100,6,100001536,25150685549,-1,3299,2,3,315,202,404,0,0,3.0000000000000000
QuickSort,DUPLICATE_HEAVY,100,7,100001637,25150685448,-1,3258,2,2,307,197,394,0,0,3.0000000000000000
Select,REVERSE_SORTED,100,1,100001031,25150686058,50,2204,5,18,653,256,1060,0,0,134760369.00000000
Select,REVERSE_SORTED,100,2,100001132,25150685953,50,2423,5,18,653,256,1060,0,0,-50589139.000000000
Select,REVERSE_SORTED,100,3,100001233,25150686140,50,2467,5,18,653,256,1060,0,0,-198360633.00000000
Select,REVERSE_SORTED,100,4,100001334,25150685275,50,2383,5,18,653,256,1060,0,0,210596166.00000000
Select,REVERSE_SORTED,100,5,100001435,25150685430,50,2285,5,18,653,256,1060,0,0,268298632.00000000
Select,REVERSE_SORTED,100,6,100001536,25150685549,50,2388,5,18,653,256,1060,0,0,201926781.00000000
Select,REVERSE_SORTED,100,7,100001637,25150685448,50,2200,5,18,653,256,1060,0,0,21952317.000000000
QuickSort,REVERSE_SORTED,100000,1,100000300731,79835928790,-1,8988627,12,19942,2060325,1115626,2231252,0,0,-10057095.000000000
QuickSort,REVERSE_SORTED,100000,2,100000300832,79835928909,-1,12445298,11,20067,2033765,1118478,2236956,0,0,-949886.00000000000
QuickSort,REVERSE_SORTED,100000,3,100000300933,79835929064,-1,9548866,10,20013,2108894,1196638,2393276,0,0,-3940319.0000000000
QuickSort,REVERSE_SORTED,100000,4,100000301034,79835928967,-1,9303429,11,20022,2100888,1194626,2389252,0,0,2916631.0000000000
QuickSort,REVERSE_SORTED,100000,5,100000301135,79835915810,-1,9811438,11,19950,2069283,1064589,2129178,0,0,1338861.0000000000
QuickSort,REVERSE_SORTED,100000,6,100000301236,79835915993,-1,10533413,11,19975,2124649,1060414,2120828,0,0,-3626750.0000000000
QuickSort,REVERSE_SORTED,100000,7,100000301337,79835916148,-1,9294951,12,20156,1995704,1079974,2159948,0,0,-346752.00000000000
MergeSort,RANDOM,100,1,100001031,25150686058,-1,4315,4,15,673,0,1005,0,100,134760369.00000000
MergeSort,RANDOM,100,2,100001132,25150685953,-1,4422,4,15,627,0,962,0,100,-50589139.000000000
MergeSort,RANDOM,100,3,100001233,25150686140,-1,4118,4,15,625,0,952,0,100,-198360633.00000000
MergeSort,RANDOM,100,4,100001334,25150685275,-1,4229,4,15,650,0,985,0,100,210596166.00000000
MergeSort,RANDOM,100,5,100001435,25150685430,-1,4317,4,15,648,0,978,0,100,268298632.00000000
MergeSort,RANDOM,100,6,100001536,25150685549,-1,4323,4,15,660,0,994,0,100,201926781.00000000
MergeSort,RANDOM,100,7,100001637,25150685448,-1,4123,4,15,663,0,987,0,100,21952317.000000000
ClosestPair,SORTED,300000,1,300000900731,275005739030,-1,137308211,18,262143,12584374,0,12467933,383379,900000,8.0849827967192060
ClosestPair,SORTED,300000,2,300000900832,275005739149,-1,139868615,18,262143,12575513,0,12458568,382989,900000,1.5850814198381190
ClosestPair,SORTED,300000,3,300000900933,275005739304,-1,144885521,18,262143,12575131,0,12458098,383318,900000,4.5293350040364455
ClosestPair,SORTED,300000,4,300000901034,275005739463,-1,131136594,18,262143,12575739,0,12459639,383096,900000,3.3626457854803980
ClosestPair,SORTED,300000,5,300000901135,275005742690,-1,141275231,18,262143,12581662,0,12464877,382928,900000,6.9735998407038810
ClosestPair,SORTED,300000,6,300000901236,275005742617,-1,144637813,18,262143,12586698,0,12468745,383634,900000,5.7648599549935640
ClosestPair,SORTED,300000,7,300000901337,275005742772,-1,139694424,18,262143,12580989,0,12463798,383268,900000,0.81833734239244230
ClosestPair,RANDOM,10000,1,10000030731,32394754662,-1,4084441,13,8191,412967,0,298727,12830,30000,124.91536325627176
ClosestPair,RANDOM,10000,2,10000030832,32394754589,-1,4614307,13,8191,413952,0,299332,12992,30000,129.41221646850500
ClosestPair,RANDOM,10000,3,10000030933,32394754744,-1,3945070,13,8191,414055,0,299374,13027,30000,256.59934656805444
ClosestPair,RANDOM,10000,4,10000031034,32394754903,-1,4200102,13,8191,413006,0,298359,12969,30000,120.63715366962283
ClosestPair,RANDOM,10000,5,10000031135,32394755058,-1,3826810,13,8191,413965,0,299536,12930,30000,105.54543343817035
ClosestPair,RANDOM,10000,6,10000031236,32394754153,-1,4760994,13,8191,413478,0,298929,12990,30000,98.384664742960000
ClosestPair,RANDOM,10000,7,10000031337,32394754052,-1,3944583,13,8191,414459,0,299785,12992,30000,175.48318906580428
Select,DUPLICATE_HEAVY,100,1,100001031,25150686058,50,3057,3,3,301,116,440,0,0,4.0000000000000000
Select,DUPLICATE_HEAVY,100,2,100001132,25150685953,50,3166,3,3,301,116,435,0,0,4.0000000000000000
Select,DUPLICATE_HEAVY,100,3,100001233,25150686140,50,3261,3,3,312,117,457,0,0,3.0000000000000000
Select,DUPLICATE_HEAVY,100,4,100001334,25150685275,50,2877,3,3,316,114,458,0,0,4.0000000000000000
Select,DUPLICATE_HEAVY,100,5,100001435,25150685430,50,2957,3,3,304,104,425,0,0,3.0000000000000000
Select,DUPLICATE_HEAVY,100,6,100001536,25150685549,50,2848,3,3,299,112,433,0,0,3.0000000000000000
Select,DUPLICATE_HEAVY,100,7,100001637,25150685448,50,3334,4,5,329,123,470,0,0,3.0000000000000000
MergeSort,SORTED,1000,1,1000003731,25324568318,-1,14375,7,127,3916,0,12936,0,1000,-28468453.000000000
MergeSort,SORTED,1000,2,1000003832,25324568213,-1,14372,7,127,3916,0,12936,0,1000,-35999009.000000000
MergeSort,SORTED,1000,3,1000003933,25324568368,-1,14278,7,127,3916,0,12936,0,1000,-64548231.000000000
MergeSort,SORTED,1000,4,1000004034,25324568495,-1,14809,7,127,3916,0,12936,0,1000,-109046044.00000000
MergeSort,SORTED,1000,5,1000004135,25324567626,-1,14374,7,127,3916,0,12936,0,1000,-32508831.000000000
MergeSort,SORTED,1000,6,1000004236,25324567777,-1,14351,7,127,3916,0,12936,0,1000,-94340359.000000000
MergeSort,SORTED,1000,7,1000004337,25324567708,-1,14334,7,127,3916,0,12936,0,1000,85328013.000000000
ClosestPair,RANDOM,1000,1,1000003731,25324568318,-1,292206,10,975,30820,0,22971,1166,3000,2308.2118324362160
ClosestPair,RANDOM,1000,2,1000003832,25324568213,-1,310091,10,975,30726,0,22906,1140,3000,2060.6038470838207
ClosestPair,RANDOM,1000,3,1000003933,25324568368,-1,297246,10,975,30634,0,22827,1135,3000,280.17358654504310
ClosestPair,RANDOM,1000,4,1000004034,25324568495,-1,300095,10,975,30674,0,22832,1130,3000,460.23906168743366
ClosestPair,RANDOM,1000,5,1000004135,25324567626,-1,305143,10,975,30886,0,22992,1155,3000,972.64866856184840
ClosestPair,RANDOM,1000,6,1000004236,25324567777,-1,295567,10,975,30581,0,22746,1132,3000,1823.1037370316812
ClosestPair,RANDOM,1000,7,1000004337,25324567708,-1,318613,10,975,30670,0,22808,1157,3000,1395.0340102696002
QuickSort,SORTED,100,1,100001031,25150686058,-1,6723,3,20,775,470,940,0,0,134760369.00000000
QuickSort,SORTED,100,2,100001132,25150685953,-1,6616,4,20,895,406,812,0,0,-50589139.000000000
QuickSort,SORTED,100,3,100001233,25150686140,-1,5888,4,21,758,396,792,0,0,-198360633.00000000
QuickSort,SORTED,100,4,100001334,25150685275,-1,6218,4,20,739,314,628,0,0,210596166.00000000
QuickSort,SORTED,100,5,100001435,25150685430,-1,6362,4,21,698,408,816,0,0,268298632.00000000
QuickSort,SORTED,100,6,100001536,25150685549,-1,5939,3,19,758,472,944,0,0,201926781.00000000
QuickSort,SORTED,100,7,100001637,25150685448,-1,22892,4,22,645,346,692,0,0,21952317.000000000
ClosestPair,DUPLICATE_HEAVY,100,1,100001031,25150686058,-1,20857,7,71,1635,0,1208,94,300,0.0000000000000000
ClosestPair,DUPLICATE_HEAVY,100,2,100001132,25150685953,-1,21689,7,71,1634,0,1219,94,300,0.0000000000000000
ClosestPair,DUPLICATE_HEAVY,100,3,100001233,25150686140,-1,21027,7,71,1616,0,1212,95,300,0.0000000000000000
ClosestPair,DUPLICATE_HEAVY,100,4,100001334,25150685275,-1,21550,7,71,1634,0,1212,94,300,0.0000000000000000
ClosestPair,DUPLICATE_HEAVY,100,5,100001435,25150685430,-1,20754,7,71,1648,0,1214,94,300,0.0000000000000000
ClosestPair,DUPLICATE_HEAVY,100,6,100001536,25150685549,-1,20773,7,71,1627,0,1206,92,300,0.0000000000000000
ClosestPair,DUPLICATE_HEAVY,100,7,100001637,25150685448,-1,21107,7,71,1635,0,1215,94,300,0.0000000000000000
