algorithm,input_type,n,trials,median_ms,q1_ms,q3_ms,min_ms,max_ms,max_depth,median_comparisons,median_distances,median_calls
BruteForce,DUPLICATE_HEAVY,100,7,0.084606,0.08398900000000001,0.087595,0.08365,0.105931,0,4950,4950,0
BruteForce,DUPLICATE_HEAVY,1000,7,9.251012,9.0709655,10.6628495,8.882432,12.249924,0,499500,499500,0
BruteForce,DUPLICATE_HEAVY,2000,7,37.05188,36.739872500000004,39.6845215,36.525186,42.886032,0,1999000,1999000,0
BruteForce,RANDOM,100,7,0.100848,0.0843785,0.11067550000000001,0.081385,0.188036,0,4950,4950,0
BruteForce,RANDOM,1000,7,8.685499,8.416177000000001,8.741824000000001,8.371398,8.801181,0,499500,499500,0
BruteForce,RANDOM,2000,7,35.550093,35.4265875,37.4280465,34.971963,39.510565,0,1999000,1999000,0
BruteForce,REVERSE_SORTED,100,7,0.06378,0.0634845,0.11568500000000001,0.062785,0.182405,0,4950,4950,0
BruteForce,REVERSE_SORTED,1000,7,6.676241,6.4037315,6.9891695,6.307427,9.097782,0,499500,499500,0
BruteForce,REVERSE_SORTED,2000,7,28.725783,27.8862205,29.665618000000002,27.636195,32.031538,0,1999000,1999000,0
BruteForce,SORTED,100,7,0.064472,0.0641705,0.07786950000000001,0.062157,0.184125,0,4950,4950,0
BruteForce,SORTED,1000,7,6.52107,6.4046475,6.729959,6.250531,7.180969,0,499500,499500,0
BruteForce,SORTED,2000,7,28.442438,28.2098105,28.7566255,27.015326,30.383105,0,1999000,1999000,0
ClosestPair,DUPLICATE_HEAVY,100,7,0.021027,0.020815,0.0213285,0.020754,0.021689,7,1634,94,71
ClosestPair,DUPLICATE_HEAVY,1000,7,0.272979,0.2633855,0.37675899999999996,0.25159,0.492032,10,24676,536,975
ClosestPair,DUPLICATE_HEAVY,2000,7,0.523496,0.5134475000000001,0.529579,0.499485,0.547081,11,53581,1072,1951
ClosestPair,DUPLICATE_HEAVY,10000,7,2.797606,2.74015,2.8206845,2.719175,2.911757,13,308290,7712,8191
ClosestPair,DUPLICATE_HEAVY,100000,7,32.991902,32.737555,33.0929,32.09038,33.634868,17,3586278,96608,68927
ClosestPair,DUPLICATE_HEAVY,300000,7,145.272783,143.84059200000002,159.18008250000003,142.073431,189.322527,18,11536785,206784,262143
ClosestPair,RANDOM,100,7,0.022277,0.021951,0.0228315,0.02148,0.023665,7,1898,129,71
ClosestPair,RANDOM,1000,7,0.300095,0.2964065,0.30761700000000003,0.292206,0.318613,10,30674,1140,975
ClosestPair,RANDOM,2000,7,0.70163,0.691843,0.7296055,0.667849,0.758407,11,67943,2292,1951
ClosestPair,RANDOM,10000,7,4.084441,3.9448265,4.407204500000001,3.82681,4.760994,13,413952,12990,8191
ClosestPair,RANDOM,100000,7,57.765306,55.9585295,58.862018,55.012787,60.212371,17,5205225,142613,68927
ClosestPair,RANDOM,300000,7,245.822267,241.1004545,267.6590895,236.063236,326.813567,18,17367104,383268,262143
ClosestPair,REVERSE_SORTED,100,7,0.013796,0.0135915,0.0138275,0.01347,0.014127,7,1462,129,71
ClosestPair,REVERSE_SORTED,1000,7,0.174878,0.171497,0.176583,0.169128,0.201805,10,22995,1140,975
ClosestPair,REVERSE_SORTED,2000,7,0.426962,0.39096050000000004,0.4437445,0.375355,0.665956,11,50562,2292,1951
ClosestPair,REVERSE_SORTED,10000,7,2.225262,2.1734285,2.419003,2.123391,3.218998,13,303576,12990,8191
ClosestPair,REVERSE_SORTED,100000,7,33.071931,31.453633000000004,35.9624625,29.96451,43.556423,17,3770171,142613,68927
ClosestPair,REVERSE_SORTED,300000,7,139.662602,136.4980775,157.40815,128.669554,228.618744,18,12580989,383268,262143
ClosestPair,SORTED,100,7,0.015248,0.0147675,0.016018499999999998,0.014176,0.047239,7,1462,129,71
ClosestPair,SORTED,1000,7,0.170164,0.168777,0.20962999999999998,0.166061,0.301262,10,22995,1140,975
ClosestPair,SORTED,2000,7,0.371535,0.361929,0.3854035,0.358238,0.392405,11,50562,2292,1951
ClosestPair,SORTED,10000,7,2.518248,2.4213525000000002,2.568493,2.30506,3.555069,13,303576,12990,8191
ClosestPair,SORTED,100000,7,32.028881,30.090428,35.3966275,29.832644,47.08641,17,3770171,142613,68927
ClosestPair,SORTED,300000,7,139.868615,138.5013175,142.956522,131.136594,144.885521,18,12580989,383268,262143
MergeSort,DUPLICATE_HEAVY,100,7,0.004394,0.004289,0.0045425,0.004106,0.005425,4,594,0,15
MergeSort,DUPLICATE_HEAVY,1000,7,0.038278,0.038239499999999996,0.038972,0.037776,0.039321,7,9624,0,127
MergeSort,DUPLICATE_HEAVY,10000,7,0.482336,0.465287,0.530158,0.459433,0.744088,10,133419,0,1023
MergeSort,DUPLICATE_HEAVY,100000,7,5.502516,5.436915,5.900615999999999,5.353406,6.124663,14,1644620,0,11583
MergeSort,DUPLICATE_HEAVY,300000,7,17.656239,17.330796,18.224626,17.168291,21.431375,15,5325589,0,32767
MergeSort,RANDOM,100,7,0.004315,0.004176,0.004319999999999999,0.004118,0.004422,4,650,0,15
MergeSort,RANDOM,1000,7,0.059737,0.059469,0.060469499999999995,0.05795,0.077091,7,10320,0,127
MergeSort,RANDOM,10000,7,0.834954,0.8055865,0.907104,0.79704,0.94887,10,143244,0,1023
MergeSort,RANDOM,100000,7,10.772573,10.594219500000001,10.907574,10.283228,11.339363,14,1765289,0,11583
MergeSort,RANDOM,300000,7,34.211373,33.9717945,35.793833,33.758706,40.487446,15,5711379,0,32767
MergeSort,REVERSE_SORTED,100,7,0.003701,0.00348,0.0038975,0.00242,0.004537,4,728,0,15
MergeSort,REVERSE_SORTED,1000,7,0.032997,0.032522999999999996,0.0331615,0.03139,0.033315,7,10340,0,127
MergeSort,REVERSE_SORTED,10000,7,0.424843,0.4087385,0.47899,0.349625,0.582222,10,137872,0,1023
MergeSort,REVERSE_SORTED,100000,7,5.030601,5.005810500000001,5.283908500000001,4.808888,5.547119,14,1530032,0,11583
MergeSort,REVERSE_SORTED,300000,7,16.576354,15.852373,16.7023965,15.55459,22.050206,15,4703504,0,32767
MergeSort,SORTED,100,7,0.00251,0.002356,0.0032325,0.001487,0.003948,4,240,0,15
MergeSort,SORTED,1000,7,0.014372,0.0143425,0.0143745,0.014278,0.014809,7,3916,0,127
MergeSort,SORTED,10000,7,0.222666,0.2221395,0.22475,0.213935,0.247768,10,54336,0,1023
MergeSort,SORTED,100000,7,2.789364,2.7428925,2.8419415,2.690041,3.104309,14,713200,0,11583
MergeSort,SORTED,300000,7,9.435069,9.3652365,9.6741985,9.258984,10.013136,15,2378448,0,32767
QuickSort,DUPLICATE_HEAVY,100,7,0.003258,0.003208,0.003325,0.003124,0.003496,2,302,0,3
QuickSort,DUPLICATE_HEAVY,1000,7,0.02327,0.022008,0.02615,0.021948,0.037661,2,3028,0,3
QuickSort,DUPLICATE_HEAVY,10000,7,0.208952,0.195278,0.21055,0.19167,0.283264,3,29792,0,3
QuickSort,DUPLICATE_HEAVY,100000,7,2.260321,2.105345,2.284682,2.039406,2.292634,3,299878,0,3
QuickSort,DUPLICATE_HEAVY,300000,7,6.248417,6.096396,6.753723,5.979169,7.803229,3,862700,0,3
QuickSort,RANDOM,100,7,0.008899,0.0086005,0.0091235,0.008483,0.009464,4,717,0,21
QuickSort,RANDOM,1000,7,0.093829,0.0930155,0.0944645,0.091972,0.09488,7,11881,0,204
QuickSort,RANDOM,10000,7,1.218685,1.2029915,1.2612405,1.184105,1.398968,9,159717,0,2008
QuickSort,RANDOM,100000,7,14.574946,14.52957,15.506831,14.487708,15.921111,11,2080723,0,20009
QuickSort,RANDOM,300000,7,49.707211,48.702372499999996,50.673548499999995,47.86054,51.251799,12,7004660,0,59899
QuickSort,REVERSE_SORTED,100,7,0.009371,0.008998,0.0094605,0.008035,0.009922,4,732,0,20
QuickSort,REVERSE_SORTED,1000,7,0.063195,0.062486,0.064457,0.061287,0.230187,7,11364,0,199
QuickSort,REVERSE_SORTED,10000,7,0.87144,0.8067500000000001,0.940906,0.767404,1.008495,9,160771,0,2002
QuickSort,REVERSE_SORTED,100000,7,9.548866,9.29919,10.1724255,8.988627,12.445298,12,2069283,0,20013
QuickSort,REVERSE_SORTED,300000,7,30.966311,30.132264499999998,31.5944625,29.613743,32.371007,12,7019609,0,60018
QuickSort,SORTED,100,7,0.006362,0.0060785,0.0066695,0.005888,0.022892,4,758,0,20
QuickSort,SORTED,1000,7,0.06688,0.0607115,0.129029,0.06029,0.175001,7,11356,0,199
QuickSort,SORTED,10000,7,0.874859,0.8385845000000001,1.0084805000000001,0.81395,1.124697,9,163560,0,2002
QuickSort,SORTED,100000,7,9.287426,9.010256,9.715385,8.716197,9.913744,12,2098088,0,19977
QuickSort,SORTED,300000,7,30.224548,29.894724,30.5802385,29.669483,31.769069,12,7007044,0,60023
Select,DUPLICATE_HEAVY,100,7,0.003057,0.002917,0.0032135,0.002848,0.003334,4,304,0,3
Select,DUPLICATE_HEAVY,1000,7,0.021105,0.0209395,0.022965,0.020803,0.038088,6,3073,0,5
Select,DUPLICATE_HEAVY,10000,7,0.20221,0.191799,0.23781650000000001,0.188495,0.36111,7,30682,0,9
Select,DUPLICATE_HEAVY,100000,7,2.490965,2.2589759999999997,3.4514234999999998,2.134758,3.595024,9,349631,0,23
Select,DUPLICATE_HEAVY,300000,7,7.052335,6.356063,8.835826,6.016312,10.691496,9,922923,0,13
Select,RANDOM,100,7,0.005584,0.0052385,0.0058665,0.002976,0.036465,6,660,0,17
Select,RANDOM,1000,7,0.048001,0.047420000000000004,0.048714,0.044062,0.122319,10,7547,0,73
Select,RANDOM,10000,7,0.483158,0.457454,0.5230945,0.219664,0.573711,13,81186,0,326
Select,RANDOM,100000,7,5.102264,4.7230895,5.144534,4.530143,6.428275,16,838313,0,1480
Select,RANDOM,300000,7,14.11822,14.054854,15.17061,13.385414,19.386564,18,2518785,0,3028
Select,REVERSE_SORTED,100,7,0.002383,0.0022445,0.0024054999999999997,0.0022,0.002467,5,653,0,18
Select,REVERSE_SORTED,1000,7,0.024694,0.0235385,0.026778,0.02279,0.048226,9,7643,0,72
Select,REVERSE_SORTED,10000,7,0.289089,0.2847095,0.2925665,0.265793,0.29531,12,83321,0,355
Select,REVERSE_SORTED,100000,7,2.721472,2.550443,2.852408,2.471391,3.023407,16,857923,0,1675
Select,REVERSE_SORTED,300000,7,8.077762,7.9426545,8.3202645,7.683958,8.797159,17,2593780,0,2964
Select,SORTED,100,7,0.001707,0.0016845,0.0017355,0.001567,0.001829,6,458,0,17
Select,SORTED,1000,7,0.015515,0.014856000000000001,0.016719499999999998,0.014429,0.01723,8,5722,0,78
Select,SORTED,10000,7,0.207447,0.20441150000000002,0.222965,0.201018,0.249424,12,62891,0,361
Select,SORTED,100000,7,1.988788,1.9258175,2.108295,1.917369,2.27768,16,644495,0,1295
Select,SORTED,300000,7,6.183996,6.122389,6.3654530000000005,5.728329,6.413286,17,1972225,0,2904
